Date,Distributor,Hub,Inv.Value(RMB),Product Hierarchy - Brand,Store Group Channel,IDS GIV
2025-01-01,WuHan_Chuangjie,武汉创洁工贸淡化股份有限公司-武汉东西湖,250000.0,H&S,B Store,198.97
2025-01-01,WuHan_Chuangjie,武汉创洁工贸淡化股份有限公司-武汉东西湖,250000.0,H&S,CB,169.36
2025-01-01,WuHan_Chuangjie,武汉创洁工贸淡化股份有限公司-武汉东西湖,250000.0,H&S,CVS,462.93
2025-01-01,WuHan_Chuangjie,武汉创洁工贸淡化股份有限公司-武汉东西湖,250000.0,H&S,DCP,431.57
2025-01-01,WuHan_Chuangjie,武汉创洁工贸淡化股份有限公司-武汉东西湖,250000.0,H&S,DKS,247.96
2025-01-01,WuHan_Chuangjie,武汉创洁工贸淡化股份有限公司-武汉东西湖,250000.0,H&S,DMW,328.56
2025-01-01,WuHan_Chuangjie,武汉创洁工贸淡化股份有限公司-武汉东西湖,250000.0,H&S,DP.com,173.54
2025-01-01,WuHan_Chuangjie,武汉创洁工贸淡化股份有限公司-武汉东西湖,250000.0,H&S,EB,36.66
2025-01-01,WuHan_Chuangjie,武汉创洁工贸淡化股份有限公司-武汉东西湖,250000.0,H&S,Grocery & Others,620.57
2025-01-01,WuHan_Chuangjie,武汉创洁工贸淡化股份有限公司-武汉东西湖,250000.0,H&S,HSM,17452.3
2025-01-01,WuHan_Chuangjie,武汉创洁工贸淡化股份有限公司-武汉东西湖,250000.0,H&S,ICP,0.0
2025-01-01,WuHan_Chuangjie,武汉创洁工贸淡化股份有限公司-武汉东西湖,250000.0,H&S,MM,911.54
2025-01-01,WuHan_Chuangjie,武汉创洁工贸淡化股份有限公司-武汉东西湖,250000.0,H&S,WS,0.0
2025-01-02,WuHan_Chuangjie,武汉创洁工贸淡化股份有限公司-武汉东西湖,228966.06,H&S,B Store,126.39
2025-01-02,WuHan_Chuangjie,武汉创洁工贸淡化股份有限公司-武汉东西湖,228966.06,H&S,CB,159.37
2025-01-02,WuHan_Chuangjie,武汉创洁工贸淡化股份有限公司-武汉东西湖,228966.06,H&S,CVS,543.37
2025-01-02,WuHan_Chuangjie,武汉创洁工贸淡化股份有限公司-武汉东西湖,228966.06,H&S,DCP,348.43
2025-01-02,WuHan_Chuangjie,武汉创洁工贸淡化股份有限公司-武汉东西湖,228966.06,H&S,DKS,75.02
2025-01-02,WuHan_Chuangjie,武汉创洁工贸淡化股份有限公司-武汉东西湖,228966.06,H&S,DMW,343.1
2025-01-02,WuHan_Chuangjie,武汉创洁工贸淡化股份有限公司-武汉东西湖,228966.06,H&S,DP.com,179.87
2025-01-02,WuHan_Chuangjie,武汉创洁工贸淡化股份有限公司-武汉东西湖,228966.06,H&S,EB,22.43
2025-01-02,WuHan_Chuangjie,武汉创洁工贸淡化股份有限公司-武汉东西湖,228966.06,H&S,Grocery & Others,914.31
2025-01-02,WuHan_Chuangjie,武汉创洁工贸淡化股份有限公司-武汉东西湖,228966.06,H&S,HSM,19633.41
2025-01-02,WuHan_Chuangjie,武汉创洁工贸淡化股份有限公司-武汉东西湖,228966.06,H&S,ICP,0.0
2025-01-02,WuHan_Chuangjie,武汉创洁工贸淡化股份有限公司-武汉东西湖,228966.06,H&S,MM,952.62
2025-01-02,WuHan_Chuangjie,武汉创洁工贸淡化股份有限公司-武汉东西湖,228966.06,H&S,WS,0.0
2025-01-03,WuHan_Chuangjie,武汉创洁工贸淡化股份有限公司-武汉东西湖,227578.24,H&S,B Store,170.85
2025-01-03,WuHan_Chuangjie,武汉创洁工贸淡化股份有限公司-武汉东西湖,227578.24,H&S,CB,368.2
2025-01-03,WuHan_Chuangjie,武汉创洁工贸淡化股份有限公司-武汉东西湖,227578.24,H&S,CVS,541.19
2025-01-03,WuHan_Chuangjie,武汉创洁工贸淡化股份有限公司-武汉东西湖,227578.24,H&S,DCP,316.2
2025-01-03,WuHan_Chuangjie,武汉创洁工贸淡化股份有限公司-武汉东西湖,227578.24,H&S,DKS,3.8
2025-01-03,WuHan_Chuangjie,武汉创洁工贸淡化股份有限公司-武汉东西湖,227578.24,H&S,DMW,341.37
2025-01-03,WuHan_Chuangjie,武汉创洁工贸淡化股份有限公司-武汉东西湖,227578.24,H&S,DP.com,235.93
2025-01-03,WuHan_Chuangjie,武汉创洁工贸淡化股份有限公司-武汉东西湖,227578.24,H&S,EB,19.7
2025-01-03,WuHan_Chuangjie,武汉创洁工贸淡化股份有限公司-武汉东西湖,227578.24,H&S,Grocery & Others,568.43
2025-01-03,WuHan_Chuangjie,武汉创洁工贸淡化股份有限公司-武汉东西湖,227578.24,H&S,HSM,14675.3
2025-01-03,WuHan_Chuangjie,武汉创洁工贸淡化股份有限公司-武汉东西湖,227578.24,H&S,ICP,2502.91
2025-01-03,WuHan_Chuangjie,武汉创洁工贸淡化股份有限公司-武汉东西湖,227578.24,H&S,MM,937.33
2025-01-03,WuHan_Chuangjie,武汉创洁工贸淡化股份有限公司-武汉东西湖,227578.24,H&S,WS,2752.82
2025-01-04,WuHan_Chuangjie,武汉创洁工贸淡化股份有限公司-武汉东西湖,204144.22,H&S,B Store,124.72
2025-01-04,WuHan_Chuangjie,武汉创洁工贸淡化股份有限公司-武汉东西湖,204144.22,H&S,CB,383.13
2025-01-04,WuHan_Chuangjie,武汉创洁工贸淡化股份有限公司-武汉东西湖,204144.22,H&S,CVS,379.88
2025-01-04,WuHan_Chuangjie,武汉创洁工贸淡化股份有限公司-武汉东西湖,204144.22,H&S,DCP,434.68
2025-01-04,WuHan_Chuangjie,武汉创洁工贸淡化股份有限公司-武汉东西湖,204144.22,H&S,DKS,32.02
2025-01-04,WuHan_Chuangjie,武汉创洁工贸淡化股份有限公司-武汉东西湖,204144.22,H&S,DMW,206.24
2025-01-04,WuHan_Chuangjie,武汉创洁工贸淡化股份有限公司-武汉东西湖,204144.22,H&S,DP.com,239.95
2025-01-04,WuHan_Chuangjie,武汉创洁工贸淡化股份有限公司-武汉东西湖,204144.22,H&S,EB,5.41
2025-01-04,WuHan_Chuangjie,武汉创洁工贸淡化股份有限公司-武汉东西湖,204144.22,H&S,Grocery & Others,736.62
2025-01-04,WuHan_Chuangjie,武汉创洁工贸淡化股份有限公司-武汉东西湖,204144.22,H&S,HSM,13434.63
2025-01-04,WuHan_Chuangjie,武汉创洁工贸淡化股份有限公司-武汉东西湖,204144.22,H&S,ICP,0.0
2025-01-04,WuHan_Chuangjie,武汉创洁工贸淡化股份有限公司-武汉东西湖,204144.22,H&S,MM,1031.22
2025-01-04,WuHan_Chuangjie,武汉创洁工贸淡化股份有限公司-武汉东西湖,204144.22,H&S,WS,0.0
2025-01-05,WuHan_Chuangjie,武汉创洁工贸淡化股份有限公司-武汉东西湖,187135.72,H&S,B Store,155.07
2025-01-05,WuHan_Chuangjie,武汉创洁工贸淡化股份有限公司-武汉东西湖,187135.72,H&S,CB,365.14
2025-01-05,WuHan_Chuangjie,武汉创洁工贸淡化股份有限公司-武汉东西湖,187135.72,H&S,CVS,544.21
2025-01-05,WuHan_Chuangjie,武汉创洁工贸淡化股份有限公司-武汉东西湖,187135.72,H&S,DCP,412.81
2025-01-05,WuHan_Chuangjie,武汉创洁工贸淡化股份有限公司-武汉东西湖,187135.72,H&S,DKS,156.2
2025-01-05,WuHan_Chuangjie,武汉创洁工贸淡化股份有限公司-武汉东西湖,187135.72,H&S,DMW,56.44
2025-01-05,WuHan_Chuangjie,武汉创洁工贸淡化股份有限公司-武汉东西湖,187135.72,H&S,DP.com,159.48
2025-01-05,WuHan_Chuangjie,武汉创洁工贸淡化股份有限公司-武汉东西湖,187135.72,H&S,EB,36.01
2025-01-05,WuHan_Chuangjie,武汉创洁工贸淡化股份有限公司-武汉东西湖,187135.72,H&S,Grocery & Others,1037.64
2025-01-05,WuHan_Chuangjie,武汉创洁工贸淡化股份有限公司-武汉东西湖,187135.72,H&S,HSM,13910.06
2025-01-05,WuHan_Chuangjie,武汉创洁工贸淡化股份有限公司-武汉东西湖,187135.72,H&S,ICP,3315.14
2025-01-05,WuHan_Chuangjie,武汉创洁工贸淡化股份有限公司-武汉东西湖,187135.72,H&S,MM,956.75
2025-01-05,WuHan_Chuangjie,武汉创洁工贸淡化股份有限公司-武汉东西湖,187135.72,H&S,WS,3820.44
2025-01-06,WuHan_Chuangjie,武汉创洁工贸淡化股份有限公司-武汉东西湖,193794.92,H&S,B Store,110.79
2025-01-06,WuHan_Chuangjie,武汉创洁工贸淡化股份有限公司-武汉东西湖,193794.92,H&S,CB,228.34
2025-01-06,WuHan_Chuangjie,武汉创洁工贸淡化股份有限公司-武汉东西湖,193794.92,H&S,CVS,451.47
2025-01-06,WuHan_Chuangjie,武汉创洁工贸淡化股份有限公司-武汉东西湖,193794.92,H&S,DCP,445.28
2025-01-06,WuHan_Chuangjie,武汉创洁工贸淡化股份有限公司-武汉东西湖,193794.92,H&S,DKS,73.03
2025-01-06,WuHan_Chuangjie,武汉创洁工贸淡化股份有限公司-武汉东西湖,193794.92,H&S,DMW,4.16
2025-01-06,WuHan_Chuangjie,武汉创洁工贸淡化股份有限公司-武汉东西湖,193794.92,H&S,DP.com,231.82
2025-01-06,WuHan_Chuangjie,武汉创洁工贸淡化股份有限公司-武汉东西湖,193794.92,H&S,EB,42.2
2025-01-06,WuHan_Chuangjie,武汉创洁工贸淡化股份有限公司-武汉东西湖,193794.92,H&S,Grocery & Others,1315.84
2025-01-06,WuHan_Chuangjie,武汉创洁工贸淡化股份有限公司-武汉东西湖,193794.92,H&S,HSM,17296.63
2025-01-06,WuHan_Chuangjie,武汉创洁工贸淡化股份有限公司-武汉东西湖,193794.92,H&S,ICP,0.0
2025-01-06,WuHan_Chuangjie,武汉创洁工贸淡化股份有限公司-武汉东西湖,193794.92,H&S,MM,864.06
2025-01-06,WuHan_Chuangjie,武汉创洁工贸淡化股份有限公司-武汉东西湖,193794.92,H&S,WS,0.0
2025-01-07,WuHan_Chuangjie,武汉创洁工贸淡化股份有限公司-武汉东西湖,172731.28,H&S,B Store,184.7
2025-01-07,WuHan_Chuangjie,武汉创洁工贸淡化股份有限公司-武汉东西湖,172731.28,H&S,CB,175.22
2025-01-07,WuHan_Chuangjie,武汉创洁工贸淡化股份有限公司-武汉东西湖,172731.28,H&S,CVS,508.05
2025-01-07,WuHan_Chuangjie,武汉创洁工贸淡化股份有限公司-武汉东西湖,172731.28,H&S,DCP,318.45
2025-01-07,WuHan_Chuangjie,武汉创洁工贸淡化股份有限公司-武汉东西湖,172731.28,H&S,DKS,24.65
2025-01-07,WuHan_Chuangjie,武汉创洁工贸淡化股份有限公司-武汉东西湖,172731.28,H&S,DMW,116.56
2025-01-07,WuHan_Chuangjie,武汉创洁工贸淡化股份有限公司-武汉东西湖,172731.28,H&S,DP.com,212.45
2025-01-07,WuHan_Chuangjie,武汉创洁工贸淡化股份有限公司-武汉东西湖,172731.28,H&S,EB,18.6
2025-01-07,WuHan_Chuangjie,武汉创洁工贸淡化股份有限公司-武汉东西湖,172731.28,H&S,Grocery & Others,652.38
2025-01-07,WuHan_Chuangjie,武汉创洁工贸淡化股份有限公司-武汉东西湖,172731.28,H&S,HSM,15785.19
2025-01-07,WuHan_Chuangjie,武汉创洁工贸淡化股份有限公司-武汉东西湖,172731.28,H&S,ICP,0.0
2025-01-07,WuHan_Chuangjie,武汉创洁工贸淡化股份有限公司-武汉东西湖,172731.28,H&S,MM,917.91
2025-01-07,WuHan_Chuangjie,武汉创洁工贸淡化股份有限公司-武汉东西湖,172731.28,H&S,WS,0.0
2025-01-08,WuHan_Chuangjie,武汉创洁工贸淡化股份有限公司-武汉东西湖,153817.12,H&S,B Store,167.62
2025-01-08,WuHan_Chuangjie,武汉创洁工贸淡化股份有限公司-武汉东西湖,153817.12,H&S,CB,252.23
2025-01-08,WuHan_Chuangjie,武汉创洁工贸淡化股份有限公司-武汉东西湖,153817.12,H&S,CVS,481.39
2025-01-08,WuHan_Chuangjie,武汉创洁工贸淡化股份有限公司-武汉东西湖,153817.12,H&S,DCP,425.02
2025-01-08,WuHan_Chuangjie,武汉创洁工贸淡化股份有限公司-武汉东西湖,153817.12,H&S,DKS,192.66
2025-01-08,WuHan_Chuangjie,武汉创洁工贸淡化股份有限公司-武汉东西湖,153817.12,H&S,DMW,58.3
2025-01-08,WuHan_Chuangjie,武汉创洁工贸淡化股份有限公司-武汉东西湖,153817.12,H&S,DP.com,244.74
2025-01-08,WuHan_Chuangjie,武汉创洁工贸淡化股份有限公司-武汉东西湖,153817.12,H&S,EB,24.68
2025-01-08,WuHan_Chuangjie,武汉创洁工贸淡化股份有限公司-武汉东西湖,153817.12,H&S,Grocery & Others,597.83
2025-01-08,WuHan_Chuangjie,武汉创洁工贸淡化股份有限公司-武汉东西湖,153817.12,H&S,HSM,14197.03
2025-01-08,WuHan_Chuangjie,武汉创洁工贸淡化股份有限公司-武汉东西湖,153817.12,H&S,ICP,2793.53
2025-01-08,WuHan_Chuangjie,武汉创洁工贸淡化股份有限公司-武汉东西湖,153817.12,H&S,MM,1016.88
2025-01-08,WuHan_Chuangjie,武汉创洁工贸淡化股份有限公司-武汉东西湖,153817.12,H&S,WS,3038.04
2025-01-09,WuHan_Chuangjie,武汉创洁工贸淡化股份有限公司-武汉东西湖,149310.18,H&S,B Store,100.3
2025-01-09,WuHan_Chuangjie,武汉创洁工贸淡化股份有限公司-武汉东西湖,149310.18,H&S,CB,155.14
2025-01-09,WuHan_Chuangjie,武汉创洁工贸淡化股份有限公司-武汉东西湖,149310.18,H&S,CVS,799.18
2025-01-09,WuHan_Chuangjie,武汉创洁工贸淡化股份有限公司-武汉东西湖,149310.18,H&S,DCP,350.27
2025-01-09,WuHan_Chuangjie,武汉创洁工贸淡化股份有限公司-武汉东西湖,149310.18,H&S,DKS,36.22
2025-01-09,WuHan_Chuangjie,武汉创洁工贸淡化股份有限公司-武汉东西湖,149310.18,H&S,DMW,238.29
2025-01-09,WuHan_Chuangjie,武汉创洁工贸淡化股份有限公司-武汉东西湖,149310.18,H&S,DP.com,222.19
2025-01-09,WuHan_Chuangjie,武汉创洁工贸淡化股份有限公司-武汉东西湖,149310.18,H&S,EB,12.89
2025-01-09,WuHan_Chuangjie,武汉创洁工贸淡化股份有限公司-武汉东西湖,149310.18,H&S,Grocery & Others,1071.96
2025-01-09,WuHan_Chuangjie,武汉创洁工贸淡化股份有限公司-武汉东西湖,149310.18,H&S,HSM,14073.79
2025-01-09,WuHan_Chuangjie,武汉创洁工贸淡化股份有限公司-武汉东西湖,149310.18,H&S,ICP,0.0
2025-01-09,WuHan_Chuangjie,武汉创洁工贸淡化股份有限公司-武汉东西湖,149310.18,H&S,MM,1013.33
2025-01-09,WuHan_Chuangjie,武汉创洁工贸淡化股份有限公司-武汉东西湖,149310.18,H&S,WS,0.0
2025-01-10,WuHan_Chuangjie,武汉创洁工贸淡化股份有限公司-武汉东西湖,131236.61,H&S,B Store,163.59
2025-01-10,WuHan_Chuangjie,武汉创洁工贸淡化股份有限公司-武汉东西湖,131236.61,H&S,CB,211.55
2025-01-10,WuHan_Chuangjie,武汉创洁工贸淡化股份有限公司-武汉东西湖,131236.61,H&S,CVS,550.99
2025-01-10,WuHan_Chuangjie,武汉创洁工贸淡化股份有限公司-武汉东西湖,131236.61,H&S,DCP,304.19
2025-01-10,WuHan_Chuangjie,武汉创洁工贸淡化股份有限公司-武汉东西湖,131236.61,H&S,DKS,88.6
2025-01-10,WuHan_Chuangjie,武汉创洁工贸淡化股份有限公司-武汉东西湖,131236.61,H&S,DMW,290.79
2025-01-10,WuHan_Chuangjie,武汉创洁工贸淡化股份有限公司-武汉东西湖,131236.61,H&S,DP.com,190.52
2025-01-10,WuHan_Chuangjie,武汉创洁工贸淡化股份有限公司-武汉东西湖,131236.61,H&S,EB,44.79
2025-01-10,WuHan_Chuangjie,武汉创洁工贸淡化股份有限公司-武汉东西湖,131236.61,H&S,Grocery & Others,1355.43
2025-01-10,WuHan_Chuangjie,武汉创洁工贸淡化股份有限公司-武汉东西湖,131236.61,H&S,HSM,18903.31
2025-01-10,WuHan_Chuangjie,武汉创洁工贸淡化股份有限公司-武汉东西湖,131236.61,H&S,ICP,2625.61
2025-01-10,WuHan_Chuangjie,武汉创洁工贸淡化股份有限公司-武汉东西湖,131236.61,H&S,MM,1024.54
2025-01-10,WuHan_Chuangjie,武汉创洁工贸淡化股份有限公司-武汉东西湖,131236.61,H&S,WS,3157.2
2025-01-11,WuHan_Chuangjie,武汉创洁工贸淡化股份有限公司-武汉东西湖,102325.51,H&S,B Store,170.85
2025-01-11,WuHan_Chuangjie,武汉创洁工贸淡化股份有限公司-武汉东西湖,102325.51,H&S,CB,337.5
2025-01-11,WuHan_Chuangjie,武汉创洁工贸淡化股份有限公司-武汉东西湖,102325.51,H&S,CVS,508.75
2025-01-11,WuHan_Chuangjie,武汉创洁工贸淡化股份有限公司-武汉东西湖,102325.51,H&S,DCP,323.68
2025-01-11,WuHan_Chuangjie,武汉创洁工贸淡化股份有限公司-武汉东西湖,102325.51,H&S,DKS,15.28
2025-01-11,WuHan_Chuangjie,武汉创洁工贸淡化股份有限公司-武汉东西湖,102325.51,H&S,DMW,306.49
2025-01-11,WuHan_Chuangjie,武汉创洁工贸淡化股份有限公司-武汉东西湖,102325.51,H&S,DP.com,211.55
2025-01-11,WuHan_Chuangjie,武汉创洁工贸淡化股份有限公司-武汉东西湖,102325.51,H&S,EB,32.42
2025-01-11,WuHan_Chuangjie,武汉创洁工贸淡化股份有限公司-武汉东西湖,102325.51,H&S,Grocery & Others,1074.8
2025-01-11,WuHan_Chuangjie,武汉创洁工贸淡化股份有限公司-武汉东西湖,102325.51,H&S,HSM,15515.61
2025-01-11,WuHan_Chuangjie,武汉创洁工贸淡化股份有限公司-武汉东西湖,102325.51,H&S,ICP,0.0
2025-01-11,WuHan_Chuangjie,武汉创洁工贸淡化股份有限公司-武汉东西湖,102325.51,H&S,MM,801.37
2025-01-11,WuHan_Chuangjie,武汉创洁工贸淡化股份有限公司-武汉东西湖,102325.51,H&S,WS,0.0
2025-01-12,WuHan_Chuangjie,武汉创洁工贸淡化股份有限公司-武汉东西湖,97352.59,H&S,B Store,121.57
2025-01-12,WuHan_Chuangjie,武汉创洁工贸淡化股份有限公司-武汉东西湖,97352.59,H&S,CB,322.45
2025-01-12,WuHan_Chuangjie,武汉创洁工贸淡化股份有限公司-武汉东西湖,97352.59,H&S,CVS,594.75
2025-01-12,WuHan_Chuangjie,武汉创洁工贸淡化股份有限公司-武汉东西湖,97352.59,H&S,DCP,409.73
2025-01-12,WuHan_Chuangjie,武汉创洁工贸淡化股份有限公司-武汉东西湖,97352.59,H&S,DKS,111.52
2025-01-12,WuHan_Chuangjie,武汉创洁工贸淡化股份有限公司-武汉东西湖,97352.59,H&S,DMW,108.04
2025-01-12,WuHan_Chuangjie,武汉创洁工贸淡化股份有限公司-武汉东西湖,97352.59,H&S,DP.com,209.72
2025-01-12,WuHan_Chuangjie,武汉创洁工贸淡化股份有限公司-武汉东西湖,97352.59,H&S,EB,42.31
2025-01-12,WuHan_Chuangjie,武汉创洁工贸淡化股份有限公司-武汉东西湖,97352.59,H&S,Grocery & Others,418.77
2025-01-12,WuHan_Chuangjie,武汉创洁工贸淡化股份有限公司-武汉东西湖,97352.59,H&S,HSM,19845.05
2025-01-12,WuHan_Chuangjie,武汉创洁工贸淡化股份有限公司-武汉东西湖,97352.59,H&S,ICP,3072.31
2025-01-12,WuHan_Chuangjie,武汉创洁工贸淡化股份有限公司-武汉东西湖,97352.59,H&S,MM,989.12
2025-01-12,WuHan_Chuangjie,武汉创洁工贸淡化股份有限公司-武汉东西湖,97352.59,H&S,WS,2207.67
2025-01-13,WuHan_Chuangjie,武汉创洁工贸淡化股份有限公司-武汉东西湖,68899.58,H&S,B Store,154.39
2025-01-13,WuHan_Chuangjie,武汉创洁工贸淡化股份有限公司-武汉东西湖,68899.58,H&S,CB,408.93
2025-01-13,WuHan_Chuangjie,武汉创洁工贸淡化股份有限公司-武汉东西湖,68899.58,H&S,CVS,482.23
2025-01-13,WuHan_Chuangjie,武汉创洁工贸淡化股份有限公司-武汉东西湖,68899.58,H&S,DCP,427.73
2025-01-13,WuHan_Chuangjie,武汉创洁工贸淡化股份有限公司-武汉东西湖,68899.58,H&S,DKS,234.37
2025-01-13,WuHan_Chuangjie,武汉创洁工贸淡化股份有限公司-武汉东西湖,68899.58,H&S,DMW,163.23
2025-01-13,WuHan_Chuangjie,武汉创洁工贸淡化股份有限公司-武汉东西湖,68899.58,H&S,DP.com,234.08
2025-01-13,WuHan_Chuangjie,武汉创洁工贸淡化股份有限公司-武汉东西湖,68899.58,H&S,EB,12.16
2025-01-13,WuHan_Chuangjie,武汉创洁工贸淡化股份有限公司-武汉东西湖,68899.58,H&S,Grocery & Others,429.98
2025-01-13,WuHan_Chuangjie,武汉创洁工贸淡化股份有限公司-武汉东西湖,68899.58,H&S,HSM,14248.44
2025-01-13,WuHan_Chuangjie,武汉创洁工贸淡化股份有限公司-武汉东西湖,68899.58,H&S,ICP,0.0
2025-01-13,WuHan_Chuangjie,武汉创洁工贸淡化股份有限公司-武汉东西湖,68899.58,H&S,MM,1081.16
2025-01-13,WuHan_Chuangjie,武汉创洁工贸淡化股份有限公司-武汉东西湖,68899.58,H&S,WS,0.0
2025-01-14,WuHan_Chuangjie,武汉创洁工贸淡化股份有限公司-武汉东西湖,51022.87,H&S,B Store,154.73
2025-01-14,WuHan_Chuangjie,武汉创洁工贸淡化股份有限公司-武汉东西湖,51022.87,H&S,CB,284.54
2025-01-14,WuHan_Chuangjie,武汉创洁工贸淡化股份有限公司-武汉东西湖,51022.87,H&S,CVS,548.62
2025-01-14,WuHan_Chuangjie,武汉创洁工贸淡化股份有限公司-武汉东西湖,51022.87,H&S,DCP,432.91
2025-01-14,WuHan_Chuangjie,武汉创洁工贸淡化股份有限公司-武汉东西湖,51022.87,H&S,DKS,151.53
2025-01-14,WuHan_Chuangjie,武汉创洁工贸淡化股份有限公司-武汉东西湖,51022.87,H&S,DMW,191.27
2025-01-14,WuHan_Chuangjie,武汉创洁工贸淡化股份有限公司-武汉东西湖,51022.87,H&S,DP.com,159.84
2025-01-14,WuHan_Chuangjie,武汉创洁工贸淡化股份有限公司-武汉东西湖,51022.87,H&S,EB,12.43
2025-01-14,WuHan_Chuangjie,武汉创洁工贸淡化股份有限公司-武汉东西湖,51022.87,H&S,Grocery & Others,459.18
2025-01-14,WuHan_Chuangjie,武汉创洁工贸淡化股份有限公司-武汉东西湖,51022.87,H&S,HSM,16375.59
2025-01-14,WuHan_Chuangjie,武汉创洁工贸淡化股份有限公司-武汉东西湖,51022.87,H&S,ICP,0.0
2025-01-14,WuHan_Chuangjie,武汉创洁工贸淡化股份有限公司-武汉东西湖,51022.87,H&S,MM,1035.22
2025-01-14,WuHan_Chuangjie,武汉创洁工贸淡化股份有限公司-武汉东西湖,51022.87,H&S,WS,0.0
2025-01-15,WuHan_Chuangjie,武汉创洁工贸淡化股份有限公司-武汉东西湖,31217.01,H&S,B Store,134.25
2025-01-15,WuHan_Chuangjie,武汉创洁工贸淡化股份有限公司-武汉东西湖,31217.01,H&S,CB,174.88
2025-01-15,WuHan_Chuangjie,武汉创洁工贸淡化股份有限公司-武汉东西湖,31217.01,H&S,CVS,692.44
2025-01-15,WuHan_Chuangjie,武汉创洁工贸淡化股份有限公司-武汉东西湖,31217.01,H&S,DCP,399.26
2025-01-15,WuHan_Chuangjie,武汉创洁工贸淡化股份有限公司-武汉东西湖,31217.01,H&S,DKS,7.68
2025-01-15,WuHan_Chuangjie,武汉创洁工贸淡化股份有限公司-武汉东西湖,31217.01,H&S,DMW,19.47
2025-01-15,WuHan_Chuangjie,武汉创洁工贸淡化股份有限公司-武汉东西湖,31217.01,H&S,DP.com,217.37
2025-01-15,WuHan_Chuangjie,武汉创洁工贸淡化股份有限公司-武汉东西湖,31217.01,H&S,EB,26.76
2025-01-15,WuHan_Chuangjie,武汉创洁工贸淡化股份有限公司-武汉东西湖,31217.01,H&S,Grocery & Others,950.11
2025-01-15,WuHan_Chuangjie,武汉创洁工贸淡化股份有限公司-武汉东西湖,31217.01,H&S,HSM,16077.73
2025-01-15,WuHan_Chuangjie,武汉创洁工贸淡化股份有限公司-武汉东西湖,31217.01,H&S,ICP,2963.06
2025-01-15,WuHan_Chuangjie,武汉创洁工贸淡化股份有限公司-武汉东西湖,31217.01,H&S,MM,920.06
2025-01-15,WuHan_Chuangjie,武汉创洁工贸淡化股份有限公司-武汉东西湖,31217.01,H&S,WS,3984.5
2025-01-16,WuHan_Chuangjie,武汉创洁工贸淡化股份有限公司-武汉东西湖,5377.83,H&S,B Store,199.13
2025-01-16,WuHan_Chuangjie,武汉创洁工贸淡化股份有限公司-武汉东西湖,5377.83,H&S,CB,365.56
2025-01-16,WuHan_Chuangjie,武汉创洁工贸淡化股份有限公司-武汉东西湖,5377.83,H&S,CVS,481.83
2025-01-16,WuHan_Chuangjie,武汉创洁工贸淡化股份有限公司-武汉东西湖,5377.83,H&S,DCP,320.12
2025-01-16,WuHan_Chuangjie,武汉创洁工贸淡化股份有限公司-武汉东西湖,5377.83,H&S,DKS,93.38
2025-01-16,WuHan_Chuangjie,武汉创洁工贸淡化股份有限公司-武汉东西湖,5377.83,H&S,DMW,53.0
2025-01-16,WuHan_Chuangjie,武汉创洁工贸淡化股份有限公司-武汉东西湖,5377.83,H&S,DP.com,175.3
2025-01-16,WuHan_Chuangjie,武汉创洁工贸淡化股份有限公司-武汉东西湖,5377.83,H&S,EB,19.08
2025-01-16,WuHan_Chuangjie,武汉创洁工贸淡化股份有限公司-武汉东西湖,5377.83,H&S,Grocery & Others,964.2
2025-01-16,WuHan_Chuangjie,武汉创洁工贸淡化股份有限公司-武汉东西湖,5377.83,H&S,HSM,12482.03
2025-01-16,WuHan_Chuangjie,武汉创洁工贸淡化股份有限公司-武汉东西湖,5377.83,H&S,ICP,0.0
2025-01-16,WuHan_Chuangjie,武汉创洁工贸淡化股份有限公司-武汉东西湖,5377.83,H&S,MM,876.35
2025-01-16,WuHan_Chuangjie,武汉创洁工贸淡化股份有限公司-武汉东西湖,5377.83,H&S,WS,0.0
2025-01-17,WuHan_Chuangjie,武汉创洁工贸淡化股份有限公司-武汉东西湖,-10652.15,H&S,B Store,194.52
2025-01-17,WuHan_Chuangjie,武汉创洁工贸淡化股份有限公司-武汉东西湖,-10652.15,H&S,CB,217.93
2025-01-17,WuHan_Chuangjie,武汉创洁工贸淡化股份有限公司-武汉东西湖,-10652.15,H&S,CVS,477.73
2025-01-17,WuHan_Chuangjie,武汉创洁工贸淡化股份有限公司-武汉东西湖,-10652.15,H&S,DCP,347.23
2025-01-17,WuHan_Chuangjie,武汉创洁工贸淡化股份有限公司-武汉东西湖,-10652.15,H&S,DKS,197.31
2025-01-17,WuHan_Chuangjie,武汉创洁工贸淡化股份有限公司-武汉东西湖,-10652.15,H&S,DMW,282.84
2025-01-17,WuHan_Chuangjie,武汉创洁工贸淡化股份有限公司-武汉东西湖,-10652.15,H&S,DP.com,209.3
2025-01-17,WuHan_Chuangjie,武汉创洁工贸淡化股份有限公司-武汉东西湖,-10652.15,H&S,EB,11.37
2025-01-17,WuHan_Chuangjie,武汉创洁工贸淡化股份有限公司-武汉东西湖,-10652.15,H&S,Grocery & Others,1071.17
2025-01-17,WuHan_Chuangjie,武汉创洁工贸淡化股份有限公司-武汉东西湖,-10652.15,H&S,HSM,17278.09
2025-01-17,WuHan_Chuangjie,武汉创洁工贸淡化股份有限公司-武汉东西湖,-10652.15,H&S,ICP,0.0
2025-01-17,WuHan_Chuangjie,武汉创洁工贸淡化股份有限公司-武汉东西湖,-10652.15,H&S,MM,896.35
2025-01-17,WuHan_Chuangjie,武汉创洁工贸淡化股份有限公司-武汉东西湖,-10652.15,H&S,WS,0.0
2025-01-18,WuHan_Chuangjie,武汉创洁工贸淡化股份有限公司-武汉东西湖,-31836.0,H&S,B Store,131.07
2025-01-18,WuHan_Chuangjie,武汉创洁工贸淡化股份有限公司-武汉东西湖,-31836.0,H&S,CB,449.33
2025-01-18,WuHan_Chuangjie,武汉创洁工贸淡化股份有限公司-武汉东西湖,-31836.0,H&S,CVS,584.21
2025-01-18,WuHan_Chuangjie,武汉创洁工贸淡化股份有限公司-武汉东西湖,-31836.0,H&S,DCP,384.78
2025-01-18,WuHan_Chuangjie,武汉创洁工贸淡化股份有限公司-武汉东西湖,-31836.0,H&S,DKS,63.33
2025-01-18,WuHan_Chuangjie,武汉创洁工贸淡化股份有限公司-武汉东西湖,-31836.0,H&S,DMW,18.46
2025-01-18,WuHan_Chuangjie,武汉创洁工贸淡化股份有限公司-武汉东西湖,-31836.0,H&S,DP.com,207.3
2025-01-18,WuHan_Chuangjie,武汉创洁工贸淡化股份有限公司-武汉东西湖,-31836.0,H&S,EB,6.01
2025-01-18,WuHan_Chuangjie,武汉创洁工贸淡化股份有限公司-武汉东西湖,-31836.0,H&S,Grocery & Others,449.03
2025-01-18,WuHan_Chuangjie,武汉创洁工贸淡化股份有限公司-武汉东西湖,-31836.0,H&S,HSM,16763.57
2025-01-18,WuHan_Chuangjie,武汉创洁工贸淡化股份有限公司-武汉东西湖,-31836.0,H&S,ICP,2965.64
2025-01-18,WuHan_Chuangjie,武汉创洁工贸淡化股份有限公司-武汉东西湖,-31836.0,H&S,MM,830.26
2025-01-18,WuHan_Chuangjie,武汉创洁工贸淡化股份有限公司-武汉东西湖,-31836.0,H&S,WS,3441.3
2025-01-19,WuHan_Chuangjie,武汉创洁工贸淡化股份有限公司-武汉东西湖,-67382.86,H&S,B Store,163.39
2025-01-19,WuHan_Chuangjie,武汉创洁工贸淡化股份有限公司-武汉东西湖,-67382.86,H&S,CB,294.77
2025-01-19,WuHan_Chuangjie,武汉创洁工贸淡化股份有限公司-武汉东西湖,-67382.86,H&S,CVS,430.79
2025-01-19,WuHan_Chuangjie,武汉创洁工贸淡化股份有限公司-武汉东西湖,-67382.86,H&S,DCP,322.51
2025-01-19,WuHan_Chuangjie,武汉创洁工贸淡化股份有限公司-武汉东西湖,-67382.86,H&S,DKS,17.85
2025-01-19,WuHan_Chuangjie,武汉创洁工贸淡化股份有限公司-武汉东西湖,-67382.86,H&S,DMW,276.34
2025-01-19,WuHan_Chuangjie,武汉创洁工贸淡化股份有限公司-武汉东西湖,-67382.86,H&S,DP.com,234.46
2025-01-19,WuHan_Chuangjie,武汉创洁工贸淡化股份有限公司-武汉东西湖,-67382.86,H&S,EB,24.61
2025-01-19,WuHan_Chuangjie,武汉创洁工贸淡化股份有限公司-武汉东西湖,-67382.86,H&S,Grocery & Others,1471.49
2025-01-19,WuHan_Chuangjie,武汉创洁工贸淡化股份有限公司-武汉东西湖,-67382.86,H&S,HSM,18602.62
2025-01-19,WuHan_Chuangjie,武汉创洁工贸淡化股份有限公司-武汉东西湖,-67382.86,H&S,ICP,0.0
2025-01-19,WuHan_Chuangjie,武汉创洁工贸淡化股份有限公司-武汉东西湖,-67382.86,H&S,MM,993.74
2025-01-19,WuHan_Chuangjie,武汉创洁工贸淡化股份有限公司-武汉东西湖,-67382.86,H&S,WS,0.0
2025-01-20,WuHan_Chuangjie,武汉创洁工贸淡化股份有限公司-武汉东西湖,-90215.43,H&S,B Store,173.51
2025-01-20,WuHan_Chuangjie,武汉创洁工贸淡化股份有限公司-武汉东西湖,-90215.43,H&S,CB,322.92
2025-01-20,WuHan_Chuangjie,武汉创洁工贸淡化股份有限公司-武汉东西湖,-90215.43,H&S,CVS,433.0
2025-01-20,WuHan_Chuangjie,武汉创洁工贸淡化股份有限公司-武汉东西湖,-90215.43,H&S,DCP,377.09
2025-01-20,WuHan_Chuangjie,武汉创洁工贸淡化股份有限公司-武汉东西湖,-90215.43,H&S,DKS,157.21
2025-01-20,WuHan_Chuangjie,武汉创洁工贸淡化股份有限公司-武汉东西湖,-90215.43,H&S,DMW,280.17
2025-01-20,WuHan_Chuangjie,武汉创洁工贸淡化股份有限公司-武汉东西湖,-90215.43,H&S,DP.com,171.49
2025-01-20,WuHan_Chuangjie,武汉创洁工贸淡化股份有限公司-武汉东西湖,-90215.43,H&S,EB,37.78
2025-01-20,WuHan_Chuangjie,武汉创洁工贸淡化股份有限公司-武汉东西湖,-90215.43,H&S,Grocery & Others,725.7
2025-01-20,WuHan_Chuangjie,武汉创洁工贸淡化股份有限公司-武汉东西湖,-90215.43,H&S,HSM,17372.08
2025-01-20,WuHan_Chuangjie,武汉创洁工贸淡化股份有限公司-武汉东西湖,-90215.43,H&S,ICP,2105.39
2025-01-20,WuHan_Chuangjie,武汉创洁工贸淡化股份有限公司-武汉东西湖,-90215.43,H&S,MM,1082.33
2025-01-20,WuHan_Chuangjie,武汉创洁工贸淡化股份有限公司-武汉东西湖,-90215.43,H&S,WS,2928.94
2025-01-21,WuHan_Chuangjie,武汉创洁工贸淡化股份有限公司-武汉东西湖,-116383.04,H&S,B Store,124.81
2025-01-21,WuHan_Chuangjie,武汉创洁工贸淡化股份有限公司-武汉东西湖,-116383.04,H&S,CB,426.25
2025-01-21,WuHan_Chuangjie,武汉创洁工贸淡化股份有限公司-武汉东西湖,-116383.04,H&S,CVS,830.33
2025-01-21,WuHan_Chuangjie,武汉创洁工贸淡化股份有限公司-武汉东西湖,-116383.04,H&S,DCP,399.69
2025-01-21,WuHan_Chuangjie,武汉创洁工贸淡化股份有限公司-武汉东西湖,-116383.04,H&S,DKS,249.47
2025-01-21,WuHan_Chuangjie,武汉创洁工贸淡化股份有限公司-武汉东西湖,-116383.04,H&S,DMW,39.5
2025-01-21,WuHan_Chuangjie,武汉创洁工贸淡化股份有限公司-武汉东西湖,-116383.04,H&S,DP.com,157.48
2025-01-21,WuHan_Chuangjie,武汉创洁工贸淡化股份有限公司-武汉东西湖,-116383.04,H&S,EB,10.83
2025-01-21,WuHan_Chuangjie,武汉创洁工贸淡化股份有限公司-武汉东西湖,-116383.04,H&S,Grocery & Others,592.34
2025-01-21,WuHan_Chuangjie,武汉创洁工贸淡化股份有限公司-武汉东西湖,-116383.04,H&S,HSM,16917.72
2025-01-21,WuHan_Chuangjie,武汉创洁工贸淡化股份有限公司-武汉东西湖,-116383.04,H&S,ICP,0.0
2025-01-21,WuHan_Chuangjie,武汉创洁工贸淡化股份有限公司-武汉东西湖,-116383.04,H&S,MM,1069.54
2025-01-21,WuHan_Chuangjie,武汉创洁工贸淡化股份有限公司-武汉东西湖,-116383.04,H&S,WS,0.0
2025-01-22,WuHan_Chuangjie,武汉创洁工贸淡化股份有限公司-武汉东西湖,-156515.15,H&S,B Store,185.34
2025-01-22,WuHan_Chuangjie,武汉创洁工贸淡化股份有限公司-武汉东西湖,-156515.15,H&S,CB,272.74
2025-01-22,WuHan_Chuangjie,武汉创洁工贸淡化股份有限公司-武汉东西湖,-156515.15,H&S,CVS,503.27
2025-01-22,WuHan_Chuangjie,武汉创洁工贸淡化股份有限公司-武汉东西湖,-156515.15,H&S,DCP,321.51
2025-01-22,WuHan_Chuangjie,武汉创洁工贸淡化股份有限公司-武汉东西湖,-156515.15,H&S,DKS,160.88
2025-01-22,WuHan_Chuangjie,武汉创洁工贸淡化股份有限公司-武汉东西湖,-156515.15,H&S,DMW,107.71
2025-01-22,WuHan_Chuangjie,武汉创洁工贸淡化股份有限公司-武汉东西湖,-156515.15,H&S,DP.com,210.36
2025-01-22,WuHan_Chuangjie,武汉创洁工贸淡化股份有限公司-武汉东西湖,-156515.15,H&S,EB,32.96
2025-01-22,WuHan_Chuangjie,武汉创洁工贸淡化股份有限公司-武汉东西湖,-156515.15,H&S,Grocery & Others,432.43
2025-01-22,WuHan_Chuangjie,武汉创洁工贸淡化股份有限公司-武汉东西湖,-156515.15,H&S,HSM,15033.28
2025-01-22,WuHan_Chuangjie,武汉创洁工贸淡化股份有限公司-武汉东西湖,-156515.15,H&S,ICP,0.0
2025-01-22,WuHan_Chuangjie,武汉创洁工贸淡化股份有限公司-武汉东西湖,-156515.15,H&S,MM,853.15
2025-01-22,WuHan_Chuangjie,武汉创洁工贸淡化股份有限公司-武汉东西湖,-156515.15,H&S,WS,0.0
2025-01-23,WuHan_Chuangjie,武汉创洁工贸淡化股份有限公司-武汉东西湖,-174628.78,H&S,B Store,153.06
2025-01-23,WuHan_Chuangjie,武汉创洁工贸淡化股份有限公司-武汉东西湖,-174628.78,H&S,CB,154.32
2025-01-23,WuHan_Chuangjie,武汉创洁工贸淡化股份有限公司-武汉东西湖,-174628.78,H&S,CVS,611.56
2025-01-23,WuHan_Chuangjie,武汉创洁工贸淡化股份有限公司-武汉东西湖,-174628.78,H&S,DCP,404.65
2025-01-23,WuHan_Chuangjie,武汉创洁工贸淡化股份有限公司-武汉东西湖,-174628.78,H&S,DKS,49.1
2025-01-23,WuHan_Chuangjie,武汉创洁工贸淡化股份有限公司-武汉东西湖,-174628.78,H&S,DMW,202.87
2025-01-23,WuHan_Chuangjie,武汉创洁工贸淡化股份有限公司-武汉东西湖,-174628.78,H&S,DP.com,218.13
2025-01-23,WuHan_Chuangjie,武汉创洁工贸淡化股份有限公司-武汉东西湖,-174628.78,H&S,EB,44.54
2025-01-23,WuHan_Chuangjie,武汉创洁工贸淡化股份有限公司-武汉东西湖,-174628.78,H&S,Grocery & Others,885.53
2025-01-23,WuHan_Chuangjie,武汉创洁工贸淡化股份有限公司-武汉东西湖,-174628.78,H&S,HSM,18357.18
2025-01-23,WuHan_Chuangjie,武汉创洁工贸淡化股份有限公司-武汉东西湖,-174628.78,H&S,ICP,3850.24
2025-01-23,WuHan_Chuangjie,武汉创洁工贸淡化股份有限公司-武汉东西湖,-174628.78,H&S,MM,860.14
2025-01-23,WuHan_Chuangjie,武汉创洁工贸淡化股份有限公司-武汉东西湖,-174628.78,H&S,WS,2402.42
2025-01-24,WuHan_Chuangjie,武汉创洁工贸淡化股份有限公司-武汉东西湖,-202822.53,H&S,B Store,175.17
2025-01-24,WuHan_Chuangjie,武汉创洁工贸淡化股份有限公司-武汉东西湖,-202822.53,H&S,CB,218.09
2025-01-24,WuHan_Chuangjie,武汉创洁工贸淡化股份有限公司-武汉东西湖,-202822.53,H&S,CVS,426.28
2025-01-24,WuHan_Chuangjie,武汉创洁工贸淡化股份有限公司-武汉东西湖,-202822.53,H&S,DCP,312.41
2025-01-24,WuHan_Chuangjie,武汉创洁工贸淡化股份有限公司-武汉东西湖,-202822.53,H&S,DKS,162.34
2025-01-24,WuHan_Chuangjie,武汉创洁工贸淡化股份有限公司-武汉东西湖,-202822.53,H&S,DMW,136.53
2025-01-24,WuHan_Chuangjie,武汉创洁工贸淡化股份有限公司-武汉东西湖,-202822.53,H&S,DP.com,161.72
2025-01-24,WuHan_Chuangjie,武汉创洁工贸淡化股份有限公司-武汉东西湖,-202822.53,H&S,EB,40.66
2025-01-24,WuHan_Chuangjie,武汉创洁工贸淡化股份有限公司-武汉东西湖,-202822.53,H&S,Grocery & Others,579.41
2025-01-24,WuHan_Chuangjie,武汉创洁工贸淡化股份有限公司-武汉东西湖,-202822.53,H&S,HSM,16214.87
2025-01-24,WuHan_Chuangjie,武汉创洁工贸淡化股份有限公司-武汉东西湖,-202822.53,H&S,ICP,0.0
2025-01-24,WuHan_Chuangjie,武汉创洁工贸淡化股份有限公司-武汉东西湖,-202822.53,H&S,MM,1047.79
2025-01-24,WuHan_Chuangjie,武汉创洁工贸淡化股份有限公司-武汉东西湖,-202822.53,H&S,WS,0.0
2025-01-25,WuHan_Chuangjie,武汉创洁工贸淡化股份有限公司-武汉东西湖,-222297.8,H&S,B Store,169.57
2025-01-25,WuHan_Chuangjie,武汉创洁工贸淡化股份有限公司-武汉东西湖,-222297.8,H&S,CB,284.17
2025-01-25,WuHan_Chuangjie,武汉创洁工贸淡化股份有限公司-武汉东西湖,-222297.8,H&S,CVS,525.53
2025-01-25,WuHan_Chuangjie,武汉创洁工贸淡化股份有限公司-武汉东西湖,-222297.8,H&S,DCP,404.04
2025-01-25,WuHan_Chuangjie,武汉创洁工贸淡化股份有限公司-武汉东西湖,-222297.8,H&S,DKS,40.5
2025-01-25,WuHan_Chuangjie,武汉创洁工贸淡化股份有限公司-武汉东西湖,-222297.8,H&S,DMW,349.64
2025-01-25,WuHan_Chuangjie,武汉创洁工贸淡化股份有限公司-武汉东西湖,-222297.8,H&S,DP.com,159.26
2025-01-25,WuHan_Chuangjie,武汉创洁工贸淡化股份有限公司-武汉东西湖,-222297.8,H&S,EB,20.27
2025-01-25,WuHan_Chuangjie,武汉创洁工贸淡化股份有限公司-武汉东西湖,-222297.8,H&S,Grocery & Others,1323.3
2025-01-25,WuHan_Chuangjie,武汉创洁工贸淡化股份有限公司-武汉东西湖,-222297.8,H&S,HSM,18031.25
2025-01-25,WuHan_Chuangjie,武汉创洁工贸淡化股份有限公司-武汉东西湖,-222297.8,H&S,ICP,0.0
2025-01-25,WuHan_Chuangjie,武汉创洁工贸淡化股份有限公司-武汉东西湖,-222297.8,H&S,MM,1092.74
2025-01-25,WuHan_Chuangjie,武汉创洁工贸淡化股份有限公司-武汉东西湖,-222297.8,H&S,WS,0.0
2025-01-26,WuHan_Chuangjie,武汉创洁工贸淡化股份有限公司-武汉东西湖,-270849.09,H&S,B Store,171.85
2025-01-26,WuHan_Chuangjie,武汉创洁工贸淡化股份有限公司-武汉东西湖,-270849.09,H&S,CB,380.8
2025-01-26,WuHan_Chuangjie,武汉创洁工贸淡化股份有限公司-武汉东西湖,-270849.09,H&S,CVS,481.18
2025-01-26,WuHan_Chuangjie,武汉创洁工贸淡化股份有限公司-武汉东西湖,-270849.09,H&S,DCP,327.41
2025-01-26,WuHan_Chuangjie,武汉创洁工贸淡化股份有限公司-武汉东西湖,-270849.09,H&S,DKS,226.92
2025-01-26,WuHan_Chuangjie,武汉创洁工贸淡化股份有限公司-武汉东西湖,-270849.09,H&S,DMW,146.3
2025-01-26,WuHan_Chuangjie,武汉创洁工贸淡化股份有限公司-武汉东西湖,-270849.09,H&S,DP.com,165.49
2025-01-26,WuHan_Chuangjie,武汉创洁工贸淡化股份有限公司-武汉东西湖,-270849.09,H&S,EB,10.68
2025-01-26,WuHan_Chuangjie,武汉创洁工贸淡化股份有限公司-武汉东西湖,-270849.09,H&S,Grocery & Others,1175.23
2025-01-26,WuHan_Chuangjie,武汉创洁工贸淡化股份有限公司-武汉东西湖,-270849.09,H&S,HSM,12976.55
2025-01-26,WuHan_Chuangjie,武汉创洁工贸淡化股份有限公司-武汉东西湖,-270849.09,H&S,ICP,3541.09
2025-01-26,WuHan_Chuangjie,武汉创洁工贸淡化股份有限公司-武汉东西湖,-270849.09,H&S,MM,937.24
2025-01-26,WuHan_Chuangjie,武汉创洁工贸淡化股份有限公司-武汉东西湖,-270849.09,H&S,WS,2499.34
2025-01-27,WuHan_Chuangjie,武汉创洁工贸淡化股份有限公司-武汉东西湖,-293889.15,H&S,B Store,187.01
2025-01-27,WuHan_Chuangjie,武汉创洁工贸淡化股份有限公司-武汉东西湖,-293889.15,H&S,CB,269.13
2025-01-27,WuHan_Chuangjie,武汉创洁工贸淡化股份有限公司-武汉东西湖,-293889.15,H&S,CVS,521.2
2025-01-27,WuHan_Chuangjie,武汉创洁工贸淡化股份有限公司-武汉东西湖,-293889.15,H&S,DCP,345.07
2025-01-27,WuHan_Chuangjie,武汉创洁工贸淡化股份有限公司-武汉东西湖,-293889.15,H&S,DKS,139.66
2025-01-27,WuHan_Chuangjie,武汉创洁工贸淡化股份有限公司-武汉东西湖,-293889.15,H&S,DMW,312.26
2025-01-27,WuHan_Chuangjie,武汉创洁工贸淡化股份有限公司-武汉东西湖,-293889.15,H&S,DP.com,182.35
2025-01-27,WuHan_Chuangjie,武汉创洁工贸淡化股份有限公司-武汉东西湖,-293889.15,H&S,EB,28.38
2025-01-27,WuHan_Chuangjie,武汉创洁工贸淡化股份有限公司-武汉东西湖,-293889.15,H&S,Grocery & Others,910.78
2025-01-27,WuHan_Chuangjie,武汉创洁工贸淡化股份有限公司-武汉东西湖,-293889.15,H&S,HSM,18670.0
2025-01-27,WuHan_Chuangjie,武汉创洁工贸淡化股份有限公司-武汉东西湖,-293889.15,H&S,ICP,0.0
2025-01-27,WuHan_Chuangjie,武汉创洁工贸淡化股份有限公司-武汉东西湖,-293889.15,H&S,MM,860.83
2025-01-27,WuHan_Chuangjie,武汉创洁工贸淡化股份有限公司-武汉东西湖,-293889.15,H&S,WS,0.0
2025-01-28,WuHan_Chuangjie,武汉创洁工贸淡化股份有限公司-武汉东西湖,-316315.8,H&S,B Store,149.86
2025-01-28,WuHan_Chuangjie,武汉创洁工贸淡化股份有限公司-武汉东西湖,-316315.8,H&S,CB,166.57
2025-01-28,WuHan_Chuangjie,武汉创洁工贸淡化股份有限公司-武汉东西湖,-316315.8,H&S,CVS,606.86
2025-01-28,WuHan_Chuangjie,武汉创洁工贸淡化股份有限公司-武汉东西湖,-316315.8,H&S,DCP,316.43
2025-01-28,WuHan_Chuangjie,武汉创洁工贸淡化股份有限公司-武汉东西湖,-316315.8,H&S,DKS,97.73
2025-01-28,WuHan_Chuangjie,武汉创洁工贸淡化股份有限公司-武汉东西湖,-316315.8,H&S,DMW,71.2
2025-01-28,WuHan_Chuangjie,武汉创洁工贸淡化股份有限公司-武汉东西湖,-316315.8,H&S,DP.com,222.68
2025-01-28,WuHan_Chuangjie,武汉创洁工贸淡化股份有限公司-武汉东西湖,-316315.8,H&S,EB,36.38
2025-01-28,WuHan_Chuangjie,武汉创洁工贸淡化股份有限公司-武汉东西湖,-316315.8,H&S,Grocery & Others,1324.52
2025-01-28,WuHan_Chuangjie,武汉创洁工贸淡化股份有限公司-武汉东西湖,-316315.8,H&S,HSM,17035.78
2025-01-28,WuHan_Chuangjie,武汉创洁工贸淡化股份有限公司-武汉东西湖,-316315.8,H&S,ICP,0.0
2025-01-28,WuHan_Chuangjie,武汉创洁工贸淡化股份有限公司-武汉东西湖,-316315.8,H&S,MM,820.83
2025-01-28,WuHan_Chuangjie,武汉创洁工贸淡化股份有限公司-武汉东西湖,-316315.8,H&S,WS,0.0
2025-01-29,WuHan_Chuangjie,武汉创洁工贸淡化股份有限公司-武汉东西湖,-337164.62,H&S,B Store,144.74
2025-01-29,WuHan_Chuangjie,武汉创洁工贸淡化股份有限公司-武汉东西湖,-337164.62,H&S,CB,213.69
2025-01-29,WuHan_Chuangjie,武汉创洁工贸淡化股份有限公司-武汉东西湖,-337164.62,H&S,CVS,523.2
2025-01-29,WuHan_Chuangjie,武汉创洁工贸淡化股份有限公司-武汉东西湖,-337164.62,H&S,DCP,349.13
2025-01-29,WuHan_Chuangjie,武汉创洁工贸淡化股份有限公司-武汉东西湖,-337164.62,H&S,DKS,219.27
2025-01-29,WuHan_Chuangjie,武汉创洁工贸淡化股份有限公司-武汉东西湖,-337164.62,H&S,DMW,280.45
2025-01-29,WuHan_Chuangjie,武汉创洁工贸淡化股份有限公司-武汉东西湖,-337164.62,H&S,DP.com,158.21
2025-01-29,WuHan_Chuangjie,武汉创洁工贸淡化股份有限公司-武汉东西湖,-337164.62,H&S,EB,36.8
2025-01-29,WuHan_Chuangjie,武汉创洁工贸淡化股份有限公司-武汉东西湖,-337164.62,H&S,Grocery & Others,814.5
2025-01-29,WuHan_Chuangjie,武汉创洁工贸淡化股份有限公司-武汉东西湖,-337164.62,H&S,HSM,17592.38
2025-01-29,WuHan_Chuangjie,武汉创洁工贸淡化股份有限公司-武汉东西湖,-337164.62,H&S,ICP,3439.88
2025-01-29,WuHan_Chuangjie,武汉创洁工贸淡化股份有限公司-武汉东西湖,-337164.62,H&S,MM,973.73
2025-01-29,WuHan_Chuangjie,武汉创洁工贸淡化股份有限公司-武汉东西湖,-337164.62,H&S,WS,2852.14
2025-01-30,WuHan_Chuangjie,武汉创洁工贸淡化股份有限公司-武汉东西湖,-437069.34,H&S,B Store,165.13
2025-01-30,WuHan_Chuangjie,武汉创洁工贸淡化股份有限公司-武汉东西湖,-437069.34,H&S,CB,405.44
2025-01-30,WuHan_Chuangjie,武汉创洁工贸淡化股份有限公司-武汉东西湖,-437069.34,H&S,CVS,777.53
2025-01-30,WuHan_Chuangjie,武汉创洁工贸淡化股份有限公司-武汉东西湖,-437069.34,H&S,DCP,449.93
2025-01-30,WuHan_Chuangjie,武汉创洁工贸淡化股份有限公司-武汉东西湖,-437069.34,H&S,DKS,29.26
2025-01-30,WuHan_Chuangjie,武汉创洁工贸淡化股份有限公司-武汉东西湖,-437069.34,H&S,DMW,185.12
2025-01-30,WuHan_Chuangjie,武汉创洁工贸淡化股份有限公司-武汉东西湖,-437069.34,H&S,DP.com,232.77
2025-01-30,WuHan_Chuangjie,武汉创洁工贸淡化股份有限公司-武汉东西湖,-437069.34,H&S,EB,45.19
2025-01-30,WuHan_Chuangjie,武汉创洁工贸淡化股份有限公司-武汉东西湖,-437069.34,H&S,Grocery & Others,761.69
2025-01-30,WuHan_Chuangjie,武汉创洁工贸淡化股份有限公司-武汉东西湖,-437069.34,H&S,HSM,13970.97
2025-01-30,WuHan_Chuangjie,武汉创洁工贸淡化股份有限公司-武汉东西湖,-437069.34,H&S,ICP,0.0
2025-01-30,WuHan_Chuangjie,武汉创洁工贸淡化股份有限公司-武汉东西湖,-437069.34,H&S,MM,1145.51
2025-01-30,WuHan_Chuangjie,武汉创洁工贸淡化股份有限公司-武汉东西湖,-437069.34,H&S,WS,0.0
2025-01-31,WuHan_Chuangjie,武汉创洁工贸淡化股份有限公司-武汉东西湖,-455237.89,H&S,B Store,144.59
2025-01-31,WuHan_Chuangjie,武汉创洁工贸淡化股份有限公司-武汉东西湖,-455237.89,H&S,CB,266.49
2025-01-31,WuHan_Chuangjie,武汉创洁工贸淡化股份有限公司-武汉东西湖,-455237.89,H&S,CVS,746.43
2025-01-31,WuHan_Chuangjie,武汉创洁工贸淡化股份有限公司-武汉东西湖,-455237.89,H&S,DCP,311.83
2025-01-31,WuHan_Chuangjie,武汉创洁工贸淡化股份有限公司-武汉东西湖,-455237.89,H&S,DKS,213.33
2025-01-31,WuHan_Chuangjie,武汉创洁工贸淡化股份有限公司-武汉东西湖,-455237.89,H&S,DMW,330.31
2025-01-31,WuHan_Chuangjie,武汉创洁工贸淡化股份有限公司-武汉东西湖,-455237.89,H&S,DP.com,169.26
2025-01-31,WuHan_Chuangjie,武汉创洁工贸淡化股份有限公司-武汉东西湖,-455237.89,H&S,EB,37.06
2025-01-31,WuHan_Chuangjie,武汉创洁工贸淡化股份有限公司-武汉东西湖,-455237.89,H&S,Grocery & Others,426.18
2025-01-31,WuHan_Chuangjie,武汉创洁工贸淡化股份有限公司-武汉东西湖,-455237.89,H&S,HSM,12569.54
2025-01-31,WuHan_Chuangjie,武汉创洁工贸淡化股份有限公司-武汉东西湖,-455237.89,H&S,ICP,0.0
2025-01-31,WuHan_Chuangjie,武汉创洁工贸淡化股份有限公司-武汉东西湖,-455237.89,H&S,MM,1134.18
2025-01-31,WuHan_Chuangjie,武汉创洁工贸淡化股份有限公司-武汉东西湖,-455237.89,H&S,WS,0.0
2025-02-01,WuHan_Chuangjie,武汉创洁工贸淡化股份有限公司-武汉东西湖,-471587.09,H&S,B Store,153.46
2025-02-01,WuHan_Chuangjie,武汉创洁工贸淡化股份有限公司-武汉东西湖,-471587.09,H&S,CB,426.09
2025-02-01,WuHan_Chuangjie,武汉创洁工贸淡化股份有限公司-武汉东西湖,-471587.09,H&S,CVS,418.14
2025-02-01,WuHan_Chuangjie,武汉创洁工贸淡化股份有限公司-武汉东西湖,-471587.09,H&S,DCP,398.94
2025-02-01,WuHan_Chuangjie,武汉创洁工贸淡化股份有限公司-武汉东西湖,-471587.09,H&S,DKS,13.36
2025-02-01,WuHan_Chuangjie,武汉创洁工贸淡化股份有限公司-武汉东西湖,-471587.09,H&S,DMW,135.15
2025-02-01,WuHan_Chuangjie,武汉创洁工贸淡化股份有限公司-武汉东西湖,-471587.09,H&S,DP.com,170.82
2025-02-01,WuHan_Chuangjie,武汉创洁工贸淡化股份有限公司-武汉东西湖,-471587.09,H&S,EB,42.23
2025-02-01,WuHan_Chuangjie,武汉创洁工贸淡化股份有限公司-武汉东西湖,-471587.09,H&S,Grocery & Others,979.87
2025-02-01,WuHan_Chuangjie,武汉创洁工贸淡化股份有限公司-武汉东西湖,-471587.09,H&S,HSM,12592.61
2025-02-01,WuHan_Chuangjie,武汉创洁工贸淡化股份有限公司-武汉东西湖,-471587.09,H&S,ICP,3331.55
2025-02-01,WuHan_Chuangjie,武汉创洁工贸淡化股份有限公司-武汉东西湖,-471587.09,H&S,MM,1035.13
2025-02-01,WuHan_Chuangjie,武汉创洁工贸淡化股份有限公司-武汉东西湖,-471587.09,H&S,WS,3495.93
2025-02-02,WuHan_Chuangjie,武汉创洁工贸淡化股份有限公司-武汉东西湖,-494780.37,H&S,B Store,132.93
2025-02-02,WuHan_Chuangjie,武汉创洁工贸淡化股份有限公司-武汉东西湖,-494780.37,H&S,CB,400.4
2025-02-02,WuHan_Chuangjie,武汉创洁工贸淡化股份有限公司-武汉东西湖,-494780.37,H&S,CVS,409.75
2025-02-02,WuHan_Chuangjie,武汉创洁工贸淡化股份有限公司-武汉东西湖,-494780.37,H&S,DCP,390.73
2025-02-02,WuHan_Chuangjie,武汉创洁工贸淡化股份有限公司-武汉东西湖,-494780.37,H&S,DKS,174.48
2025-02-02,WuHan_Chuangjie,武汉创洁工贸淡化股份有限公司-武汉东西湖,-494780.37,H&S,DMW,12.56
2025-02-02,WuHan_Chuangjie,武汉创洁工贸淡化股份有限公司-武汉东西湖,-494780.37,H&S,DP.com,241.67
2025-02-02,WuHan_Chuangjie,武汉创洁工贸淡化股份有限公司-武汉东西湖,-494780.37,H&S,EB,29.43
2025-02-02,WuHan_Chuangjie,武汉创洁工贸淡化股份有限公司-武汉东西湖,-494780.37,H&S,Grocery & Others,444.85
2025-02-02,WuHan_Chuangjie,武汉创洁工贸淡化股份有限公司-武汉东西湖,-494780.37,H&S,HSM,12897.61
2025-02-02,WuHan_Chuangjie,武汉创洁工贸淡化股份有限公司-武汉东西湖,-494780.37,H&S,ICP,0.0
2025-02-02,WuHan_Chuangjie,武汉创洁工贸淡化股份有限公司-武汉东西湖,-494780.37,H&S,MM,898.16
2025-02-02,WuHan_Chuangjie,武汉创洁工贸淡化股份有限公司-武汉东西湖,-494780.37,H&S,WS,0.0
2025-02-03,WuHan_Chuangjie,武汉创洁工贸淡化股份有限公司-武汉东西湖,-577746.17,H&S,B Store,141.9
2025-02-03,WuHan_Chuangjie,武汉创洁工贸淡化股份有限公司-武汉东西湖,-577746.17,H&S,CB,284.01
2025-02-03,WuHan_Chuangjie,武汉创洁工贸淡化股份有限公司-武汉东西湖,-577746.17,H&S,CVS,417.76
2025-02-03,WuHan_Chuangjie,武汉创洁工贸淡化股份有限公司-武汉东西湖,-577746.17,H&S,DCP,418.77
2025-02-03,WuHan_Chuangjie,武汉创洁工贸淡化股份有限公司-武汉东西湖,-577746.17,H&S,DKS,122.0
2025-02-03,WuHan_Chuangjie,武汉创洁工贸淡化股份有限公司-武汉东西湖,-577746.17,H&S,DMW,178.55
2025-02-03,WuHan_Chuangjie,武汉创洁工贸淡化股份有限公司-武汉东西湖,-577746.17,H&S,DP.com,193.01
2025-02-03,WuHan_Chuangjie,武汉创洁工贸淡化股份有限公司-武汉东西湖,-577746.17,H&S,EB,9.89
2025-02-03,WuHan_Chuangjie,武汉创洁工贸淡化股份有限公司-武汉东西湖,-577746.17,H&S,Grocery & Others,846.96
2025-02-03,WuHan_Chuangjie,武汉创洁工贸淡化股份有限公司-武汉东西湖,-577746.17,H&S,HSM,19513.26
2025-02-03,WuHan_Chuangjie,武汉创洁工贸淡化股份有限公司-武汉东西湖,-577746.17,H&S,ICP,3662.7
2025-02-03,WuHan_Chuangjie,武汉创洁工贸淡化股份有限公司-武汉东西湖,-577746.17,H&S,MM,1018.08
2025-02-03,WuHan_Chuangjie,武汉创洁工贸淡化股份有限公司-武汉东西湖,-577746.17,H&S,WS,2135.72
2025-02-04,WuHan_Chuangjie,武汉创洁工贸淡化股份有限公司-武汉东西湖,-606688.8,H&S,B Store,133.78
2025-02-04,WuHan_Chuangjie,武汉创洁工贸淡化股份有限公司-武汉东西湖,-606688.8,H&S,CB,422.26
2025-02-04,WuHan_Chuangjie,武汉创洁工贸淡化股份有限公司-武汉东西湖,-606688.8,H&S,CVS,703.39
2025-02-04,WuHan_Chuangjie,武汉创洁工贸淡化股份有限公司-武汉东西湖,-606688.8,H&S,DCP,428.58
2025-02-04,WuHan_Chuangjie,武汉创洁工贸淡化股份有限公司-武汉东西湖,-606688.8,H&S,DKS,128.74
2025-02-04,WuHan_Chuangjie,武汉创洁工贸淡化股份有限公司-武汉东西湖,-606688.8,H&S,DMW,298.02
2025-02-04,WuHan_Chuangjie,武汉创洁工贸淡化股份有限公司-武汉东西湖,-606688.8,H&S,DP.com,169.35
2025-02-04,WuHan_Chuangjie,武汉创洁工贸淡化股份有限公司-武汉东西湖,-606688.8,H&S,EB,20.29
2025-02-04,WuHan_Chuangjie,武汉创洁工贸淡化股份有限公司-武汉东西湖,-606688.8,H&S,Grocery & Others,860.29
2025-02-04,WuHan_Chuangjie,武汉创洁工贸淡化股份有限公司-武汉东西湖,-606688.8,H&S,HSM,18115.36
2025-02-04,WuHan_Chuangjie,武汉创洁工贸淡化股份有限公司-武汉东西湖,-606688.8,H&S,ICP,0.0
2025-02-04,WuHan_Chuangjie,武汉创洁工贸淡化股份有限公司-武汉东西湖,-606688.8,H&S,MM,1181.62
2025-02-04,WuHan_Chuangjie,武汉创洁工贸淡化股份有限公司-武汉东西湖,-606688.8,H&S,WS,0.0
2025-02-05,WuHan_Chuangjie,武汉创洁工贸淡化股份有限公司-武汉东西湖,-629150.48,H&S,B Store,121.83
2025-02-05,WuHan_Chuangjie,武汉创洁工贸淡化股份有限公司-武汉东西湖,-629150.48,H&S,CB,291.06
2025-02-05,WuHan_Chuangjie,武汉创洁工贸淡化股份有限公司-武汉东西湖,-629150.48,H&S,CVS,648.2
2025-02-05,WuHan_Chuangjie,武汉创洁工贸淡化股份有限公司-武汉东西湖,-629150.48,H&S,DCP,360.82
2025-02-05,WuHan_Chuangjie,武汉创洁工贸淡化股份有限公司-武汉东西湖,-629150.48,H&S,DKS,79.66
2025-02-05,WuHan_Chuangjie,武汉创洁工贸淡化股份有限公司-武汉东西湖,-629150.48,H&S,DMW,322.63
2025-02-05,WuHan_Chuangjie,武汉创洁工贸淡化股份有限公司-武汉东西湖,-629150.48,H&S,DP.com,238.94
2025-02-05,WuHan_Chuangjie,武汉创洁工贸淡化股份有限公司-武汉东西湖,-629150.48,H&S,EB,1.48
2025-02-05,WuHan_Chuangjie,武汉创洁工贸淡化股份有限公司-武汉东西湖,-629150.48,H&S,Grocery & Others,1206.64
2025-02-05,WuHan_Chuangjie,武汉创洁工贸淡化股份有限公司-武汉东西湖,-629150.48,H&S,HSM,17621.52
2025-02-05,WuHan_Chuangjie,武汉创洁工贸淡化股份有限公司-武汉东西湖,-629150.48,H&S,ICP,0.0
2025-02-05,WuHan_Chuangjie,武汉创洁工贸淡化股份有限公司-武汉东西湖,-629150.48,H&S,MM,937.03
2025-02-05,WuHan_Chuangjie,武汉创洁工贸淡化股份有限公司-武汉东西湖,-629150.48,H&S,WS,0.0
2025-02-06,WuHan_Chuangjie,武汉创洁工贸淡化股份有限公司-武汉东西湖,-768126.74,H&S,B Store,119.08
2025-02-06,WuHan_Chuangjie,武汉创洁工贸淡化股份有限公司-武汉东西湖,-768126.74,H&S,CB,242.52
2025-02-06,WuHan_Chuangjie,武汉创洁工贸淡化股份有限公司-武汉东西湖,-768126.74,H&S,CVS,567.09
2025-02-06,WuHan_Chuangjie,武汉创洁工贸淡化股份有限公司-武汉东西湖,-768126.74,H&S,DCP,329.96
2025-02-06,WuHan_Chuangjie,武汉创洁工贸淡化股份有限公司-武汉东西湖,-768126.74,H&S,DKS,171.42
2025-02-06,WuHan_Chuangjie,武汉创洁工贸淡化股份有限公司-武汉东西湖,-768126.74,H&S,DMW,106.88
2025-02-06,WuHan_Chuangjie,武汉创洁工贸淡化股份有限公司-武汉东西湖,-768126.74,H&S,DP.com,176.15
2025-02-06,WuHan_Chuangjie,武汉创洁工贸淡化股份有限公司-武汉东西湖,-768126.74,H&S,EB,47.76
2025-02-06,WuHan_Chuangjie,武汉创洁工贸淡化股份有限公司-武汉东西湖,-768126.74,H&S,Grocery & Others,1051.8
2025-02-06,WuHan_Chuangjie,武汉创洁工贸淡化股份有限公司-武汉东西湖,-768126.74,H&S,HSM,13784.44
2025-02-06,WuHan_Chuangjie,武汉创洁工贸淡化股份有限公司-武汉东西湖,-768126.74,H&S,ICP,3651.44
2025-02-06,WuHan_Chuangjie,武汉创洁工贸淡化股份有限公司-武汉东西湖,-768126.74,H&S,MM,988.28
2025-02-06,WuHan_Chuangjie,武汉创洁工贸淡化股份有限公司-武汉东西湖,-768126.74,H&S,WS,3289.5
2025-02-07,WuHan_Chuangjie,武汉创洁工贸淡化股份有限公司-武汉东西湖,-792653.07,H&S,B Store,177.29
2025-02-07,WuHan_Chuangjie,武汉创洁工贸淡化股份有限公司-武汉东西湖,-792653.07,H&S,CB,189.89
2025-02-07,WuHan_Chuangjie,武汉创洁工贸淡化股份有限公司-武汉东西湖,-792653.07,H&S,CVS,801.33
2025-02-07,WuHan_Chuangjie,武汉创洁工贸淡化股份有限公司-武汉东西湖,-792653.07,H&S,DCP,404.84
2025-02-07,WuHan_Chuangjie,武汉创洁工贸淡化股份有限公司-武汉东西湖,-792653.07,H&S,DKS,242.89
2025-02-07,WuHan_Chuangjie,武汉创洁工贸淡化股份有限公司-武汉东西湖,-792653.07,H&S,DMW,44.18
2025-02-07,WuHan_Chuangjie,武汉创洁工贸淡化股份有限公司-武汉东西湖,-792653.07,H&S,DP.com,179.52
2025-02-07,WuHan_Chuangjie,武汉创洁工贸淡化股份有限公司-武汉东西湖,-792653.07,H&S,EB,4.1
2025-02-07,WuHan_Chuangjie,武汉创洁工贸淡化股份有限公司-武汉东西湖,-792653.07,H&S,Grocery & Others,489.98
2025-02-07,WuHan_Chuangjie,武汉创洁工贸淡化股份有限公司-武汉东西湖,-792653.07,H&S,HSM,17639.92
2025-02-07,WuHan_Chuangjie,武汉创洁工贸淡化股份有限公司-武汉东西湖,-792653.07,H&S,ICP,0.0
2025-02-07,WuHan_Chuangjie,武汉创洁工贸淡化股份有限公司-武汉东西湖,-792653.07,H&S,MM,975.17
2025-02-07,WuHan_Chuangjie,武汉创洁工贸淡化股份有限公司-武汉东西湖,-792653.07,H&S,WS,0.0
2025-02-08,WuHan_Chuangjie,武汉创洁工贸淡化股份有限公司-武汉东西湖,-813802.17,H&S,B Store,100.96
2025-02-08,WuHan_Chuangjie,武汉创洁工贸淡化股份有限公司-武汉东西湖,-813802.17,H&S,CB,426.15
2025-02-08,WuHan_Chuangjie,武汉创洁工贸淡化股份有限公司-武汉东西湖,-813802.17,H&S,CVS,571.0
2025-02-08,WuHan_Chuangjie,武汉创洁工贸淡化股份有限公司-武汉东西湖,-813802.17,H&S,DCP,322.0
2025-02-08,WuHan_Chuangjie,武汉创洁工贸淡化股份有限公司-武汉东西湖,-813802.17,H&S,DKS,98.47
2025-02-08,WuHan_Chuangjie,武汉创洁工贸淡化股份有限公司-武汉东西湖,-813802.17,H&S,DMW,167.76
2025-02-08,WuHan_Chuangjie,武汉创洁工贸淡化股份有限公司-武汉东西湖,-813802.17,H&S,DP.com,155.72
2025-02-08,WuHan_Chuangjie,武汉创洁工贸淡化股份有限公司-武汉东西湖,-813802.17,H&S,EB,49.2
2025-02-08,WuHan_Chuangjie,武汉创洁工贸淡化股份有限公司-武汉东西湖,-813802.17,H&S,Grocery & Others,1100.67
2025-02-08,WuHan_Chuangjie,武汉创洁工贸淡化股份有限公司-武汉东西湖,-813802.17,H&S,HSM,12412.72
2025-02-08,WuHan_Chuangjie,武汉创洁工贸淡化股份有限公司-武汉东西湖,-813802.17,H&S,ICP,0.0
2025-02-08,WuHan_Chuangjie,武汉创洁工贸淡化股份有限公司-武汉东西湖,-813802.17,H&S,MM,1053.72
2025-02-08,WuHan_Chuangjie,武汉创洁工贸淡化股份有限公司-武汉东西湖,-813802.17,H&S,WS,0.0
2025-02-09,WuHan_Chuangjie,武汉创洁工贸淡化股份有限公司-武汉东西湖,-935790.07,H&S,B Store,173.63
2025-02-09,WuHan_Chuangjie,武汉创洁工贸淡化股份有限公司-武汉东西湖,-935790.07,H&S,CB,399.95
2025-02-09,WuHan_Chuangjie,武汉创洁工贸淡化股份有限公司-武汉东西湖,-935790.07,H&S,CVS,844.98
2025-02-09,WuHan_Chuangjie,武汉创洁工贸淡化股份有限公司-武汉东西湖,-935790.07,H&S,DCP,359.69
2025-02-09,WuHan_Chuangjie,武汉创洁工贸淡化股份有限公司-武汉东西湖,-935790.07,H&S,DKS,28.18
2025-02-09,WuHan_Chuangjie,武汉创洁工贸淡化股份有限公司-武汉东西湖,-935790.07,H&S,DMW,198.3
2025-02-09,WuHan_Chuangjie,武汉创洁工贸淡化股份有限公司-武汉东西湖,-935790.07,H&S,DP.com,235.3
2025-02-09,WuHan_Chuangjie,武汉创洁工贸淡化股份有限公司-武汉东西湖,-935790.07,H&S,EB,45.54
2025-02-09,WuHan_Chuangjie,武汉创洁工贸淡化股份有限公司-武汉东西湖,-935790.07,H&S,Grocery & Others,889.64
2025-02-09,WuHan_Chuangjie,武汉创洁工贸淡化股份有限公司-武汉东西湖,-935790.07,H&S,HSM,18978.02
2025-02-09,WuHan_Chuangjie,武汉创洁工贸淡化股份有限公司-武汉东西湖,-935790.07,H&S,ICP,3712.13
2025-02-09,WuHan_Chuangjie,武汉创洁工贸淡化股份有限公司-武汉东西湖,-935790.07,H&S,MM,807.05
2025-02-09,WuHan_Chuangjie,武汉创洁工贸淡化股份有限公司-武汉东西湖,-935790.07,H&S,WS,2714.86
2025-02-10,WuHan_Chuangjie,武汉创洁工贸淡化股份有限公司-武汉东西湖,-965177.34,H&S,B Store,154.02
2025-02-10,WuHan_Chuangjie,武汉创洁工贸淡化股份有限公司-武汉东西湖,-965177.34,H&S,CB,281.25
2025-02-10,WuHan_Chuangjie,武汉创洁工贸淡化股份有限公司-武汉东西湖,-965177.34,H&S,CVS,624.32
2025-02-10,WuHan_Chuangjie,武汉创洁工贸淡化股份有限公司-武汉东西湖,-965177.34,H&S,DCP,362.9
2025-02-10,WuHan_Chuangjie,武汉创洁工贸淡化股份有限公司-武汉东西湖,-965177.34,H&S,DKS,186.05
2025-02-10,WuHan_Chuangjie,武汉创洁工贸淡化股份有限公司-武汉东西湖,-965177.34,H&S,DMW,79.49
2025-02-10,WuHan_Chuangjie,武汉创洁工贸淡化股份有限公司-武汉东西湖,-965177.34,H&S,DP.com,196.12
2025-02-10,WuHan_Chuangjie,武汉创洁工贸淡化股份有限公司-武汉东西湖,-965177.34,H&S,EB,36.92
2025-02-10,WuHan_Chuangjie,武汉创洁工贸淡化股份有限公司-武汉东西湖,-965177.34,H&S,Grocery & Others,505.91
2025-02-10,WuHan_Chuangjie,武汉创洁工贸淡化股份有限公司-武汉东西湖,-965177.34,H&S,HSM,13182.27
2025-02-10,WuHan_Chuangjie,武汉创洁工贸淡化股份有限公司-武汉东西湖,-965177.34,H&S,ICP,0.0
2025-02-10,WuHan_Chuangjie,武汉创洁工贸淡化股份有限公司-武汉东西湖,-965177.34,H&S,MM,1014.24
2025-02-10,WuHan_Chuangjie,武汉创洁工贸淡化股份有限公司-武汉东西湖,-965177.34,H&S,WS,0.0
2025-02-11,WuHan_Chuangjie,武汉创洁工贸淡化股份有限公司-武汉东西湖,-981800.83,H&S,B Store,100.77
2025-02-11,WuHan_Chuangjie,武汉创洁工贸淡化股份有限公司-武汉东西湖,-981800.83,H&S,CB,394.03
2025-02-11,WuHan_Chuangjie,武汉创洁工贸淡化股份有限公司-武汉东西湖,-981800.83,H&S,CVS,533.38
2025-02-11,WuHan_Chuangjie,武汉创洁工贸淡化股份有限公司-武汉东西湖,-981800.83,H&S,DCP,319.45
2025-02-11,WuHan_Chuangjie,武汉创洁工贸淡化股份有限公司-武汉东西湖,-981800.83,H&S,DKS,46.7
2025-02-11,WuHan_Chuangjie,武汉创洁工贸淡化股份有限公司-武汉东西湖,-981800.83,H&S,DMW,263.92
2025-02-11,WuHan_Chuangjie,武汉创洁工贸淡化股份有限公司-武汉东西湖,-981800.83,H&S,DP.com,229.74
2025-02-11,WuHan_Chuangjie,武汉创洁工贸淡化股份有限公司-武汉东西湖,-981800.83,H&S,EB,16.22
2025-02-11,WuHan_Chuangjie,武汉创洁工贸淡化股份有限公司-武汉东西湖,-981800.83,H&S,Grocery & Others,612.02
2025-02-11,WuHan_Chuangjie,武汉创洁工贸淡化股份有限公司-武汉东西湖,-981800.83,H&S,HSM,12682.26
2025-02-11,WuHan_Chuangjie,武汉创洁工贸淡化股份有限公司-武汉东西湖,-981800.83,H&S,ICP,0.0
2025-02-11,WuHan_Chuangjie,武汉创洁工贸淡化股份有限公司-武汉东西湖,-981800.83,H&S,MM,879.26
2025-02-11,WuHan_Chuangjie,武汉创洁工贸淡化股份有限公司-武汉东西湖,-981800.83,H&S,WS,0.0
2025-02-12,WuHan_Chuangjie,武汉创洁工贸淡化股份有限公司-武汉东西湖,-1128083.89,H&S,B Store,192.42
2025-02-12,WuHan_Chuangjie,武汉创洁工贸淡化股份有限公司-武汉东西湖,-1128083.89,H&S,CB,309.48
2025-02-12,WuHan_Chuangjie,武汉创洁工贸淡化股份有限公司-武汉东西湖,-1128083.89,H&S,CVS,543.12
2025-02-12,WuHan_Chuangjie,武汉创洁工贸淡化股份有限公司-武汉东西湖,-1128083.89,H&S,DCP,395.5
2025-02-12,WuHan_Chuangjie,武汉创洁工贸淡化股份有限公司-武汉东西湖,-1128083.89,H&S,DKS,168.27
2025-02-12,WuHan_Chuangjie,武汉创洁工贸淡化股份有限公司-武汉东西湖,-1128083.89,H&S,DMW,135.68
2025-02-12,WuHan_Chuangjie,武汉创洁工贸淡化股份有限公司-武汉东西湖,-1128083.89,H&S,DP.com,195.74
2025-02-12,WuHan_Chuangjie,武汉创洁工贸淡化股份有限公司-武汉东西湖,-1128083.89,H&S,EB,35.26
2025-02-12,WuHan_Chuangjie,武汉创洁工贸淡化股份有限公司-武汉东西湖,-1128083.89,H&S,Grocery & Others,915.25
2025-02-12,WuHan_Chuangjie,武汉创洁工贸淡化股份有限公司-武汉东西湖,-1128083.89,H&S,HSM,15496.24
2025-02-12,WuHan_Chuangjie,武汉创洁工贸淡化股份有限公司-武汉东西湖,-1128083.89,H&S,ICP,2060.44
2025-02-12,WuHan_Chuangjie,武汉创洁工贸淡化股份有限公司-武汉东西湖,-1128083.89,H&S,MM,1083.77
2025-02-12,WuHan_Chuangjie,武汉创洁工贸淡化股份有限公司-武汉东西湖,-1128083.89,H&S,WS,3152.31
2025-02-13,WuHan_Chuangjie,武汉创洁工贸淡化股份有限公司-武汉东西湖,-1152767.38,H&S,B Store,112.94
2025-02-13,WuHan_Chuangjie,武汉创洁工贸淡化股份有限公司-武汉东西湖,-1152767.38,H&S,CB,386.94
2025-02-13,WuHan_Chuangjie,武汉创洁工贸淡化股份有限公司-武汉东西湖,-1152767.38,H&S,CVS,510.32
2025-02-13,WuHan_Chuangjie,武汉创洁工贸淡化股份有限公司-武汉东西湖,-1152767.38,H&S,DCP,404.45
2025-02-13,WuHan_Chuangjie,武汉创洁工贸淡化股份有限公司-武汉东西湖,-1152767.38,H&S,DKS,236.22
2025-02-13,WuHan_Chuangjie,武汉创洁工贸淡化股份有限公司-武汉东西湖,-1152767.38,H&S,DMW,234.43
2025-02-13,WuHan_Chuangjie,武汉创洁工贸淡化股份有限公司-武汉东西湖,-1152767.38,H&S,DP.com,167.65
2025-02-13,WuHan_Chuangjie,武汉创洁工贸淡化股份有限公司-武汉东西湖,-1152767.38,H&S,EB,1.91
2025-02-13,WuHan_Chuangjie,武汉创洁工贸淡化股份有限公司-武汉东西湖,-1152767.38,H&S,Grocery & Others,1182.71
2025-02-13,WuHan_Chuangjie,武汉创洁工贸淡化股份有限公司-武汉东西湖,-1152767.38,H&S,HSM,17428.26
2025-02-13,WuHan_Chuangjie,武汉创洁工贸淡化股份有限公司-武汉东西湖,-1152767.38,H&S,ICP,0.0
2025-02-13,WuHan_Chuangjie,武汉创洁工贸淡化股份有限公司-武汉东西湖,-1152767.38,H&S,MM,1195.69
2025-02-13,WuHan_Chuangjie,武汉创洁工贸淡化股份有限公司-武汉东西湖,-1152767.38,H&S,WS,0.0
2025-02-14,WuHan_Chuangjie,武汉创洁工贸淡化股份有限公司-武汉东西湖,-1174628.91,H&S,B Store,189.8
2025-02-14,WuHan_Chuangjie,武汉创洁工贸淡化股份有限公司-武汉东西湖,-1174628.91,H&S,CB,360.21
2025-02-14,WuHan_Chuangjie,武汉创洁工贸淡化股份有限公司-武汉东西湖,-1174628.91,H&S,CVS,603.04
2025-02-14,WuHan_Chuangjie,武汉创洁工贸淡化股份有限公司-武汉东西湖,-1174628.91,H&S,DCP,333.89
2025-02-14,WuHan_Chuangjie,武汉创洁工贸淡化股份有限公司-武汉东西湖,-1174628.91,H&S,DKS,92.68
2025-02-14,WuHan_Chuangjie,武汉创洁工贸淡化股份有限公司-武汉东西湖,-1174628.91,H&S,DMW,198.98
2025-02-14,WuHan_Chuangjie,武汉创洁工贸淡化股份有限公司-武汉东西湖,-1174628.91,H&S,DP.com,176.7
2025-02-14,WuHan_Chuangjie,武汉创洁工贸淡化股份有限公司-武汉东西湖,-1174628.91,H&S,EB,0.33
2025-02-14,WuHan_Chuangjie,武汉创洁工贸淡化股份有限公司-武汉东西湖,-1174628.91,H&S,Grocery & Others,903.38
2025-02-14,WuHan_Chuangjie,武汉创洁工贸淡化股份有限公司-武汉东西湖,-1174628.91,H&S,HSM,19285.68
2025-02-14,WuHan_Chuangjie,武汉创洁工贸淡化股份有限公司-武汉东西湖,-1174628.91,H&S,ICP,0.0
2025-02-14,WuHan_Chuangjie,武汉创洁工贸淡化股份有限公司-武汉东西湖,-1174628.91,H&S,MM,975.77
2025-02-14,WuHan_Chuangjie,武汉创洁工贸淡化股份有限公司-武汉东西湖,-1174628.91,H&S,WS,0.0
2025-02-15,WuHan_Chuangjie,武汉创洁工贸淡化股份有限公司-武汉东西湖,-1338846.74,H&S,B Store,170.18
2025-02-15,WuHan_Chuangjie,武汉创洁工贸淡化股份有限公司-武汉东西湖,-1338846.74,H&S,CB,186.18
2025-02-15,WuHan_Chuangjie,武汉创洁工贸淡化股份有限公司-武汉东西湖,-1338846.74,H&S,CVS,374.23
2025-02-15,WuHan_Chuangjie,武汉创洁工贸淡化股份有限公司-武汉东西湖,-1338846.74,H&S,DCP,368.14
2025-02-15,WuHan_Chuangjie,武汉创洁工贸淡化股份有限公司-武汉东西湖,-1338846.74,H&S,DKS,19.1
2025-02-15,WuHan_Chuangjie,武汉创洁工贸淡化股份有限公司-武汉东西湖,-1338846.74,H&S,DMW,280.46
2025-02-15,WuHan_Chuangjie,武汉创洁工贸淡化股份有限公司-武汉东西湖,-1338846.74,H&S,DP.com,238.26
2025-02-15,WuHan_Chuangjie,武汉创洁工贸淡化股份有限公司-武汉东西湖,-1338846.74,H&S,EB,44.68
2025-02-15,WuHan_Chuangjie,武汉创洁工贸淡化股份有限公司-武汉东西湖,-1338846.74,H&S,Grocery & Others,439.02
2025-02-15,WuHan_Chuangjie,武汉创洁工贸淡化股份有限公司-武汉东西湖,-1338846.74,H&S,HSM,17651.2
2025-02-15,WuHan_Chuangjie,武汉创洁工贸淡化股份有限公司-武汉东西湖,-1338846.74,H&S,ICP,2476.59
2025-02-15,WuHan_Chuangjie,武汉创洁工贸淡化股份有限公司-武汉东西湖,-1338846.74,H&S,MM,1097.86
2025-02-15,WuHan_Chuangjie,武汉创洁工贸淡化股份有限公司-武汉东西湖,-1338846.74,H&S,WS,3378.93
2025-02-16,WuHan_Chuangjie,武汉创洁工贸淡化股份有限公司-武汉东西湖,-1365571.57,H&S,B Store,195.62
2025-02-16,WuHan_Chuangjie,武汉创洁工贸淡化股份有限公司-武汉东西湖,-1365571.57,H&S,CB,233.13
2025-02-16,WuHan_Chuangjie,武汉创洁工贸淡化股份有限公司-武汉东西湖,-1365571.57,H&S,CVS,407.34
2025-02-16,WuHan_Chuangjie,武汉创洁工贸淡化股份有限公司-武汉东西湖,-1365571.57,H&S,DCP,405.18
2025-02-16,WuHan_Chuangjie,武汉创洁工贸淡化股份有限公司-武汉东西湖,-1365571.57,H&S,DKS,217.4
2025-02-16,WuHan_Chuangjie,武汉创洁工贸淡化股份有限公司-武汉东西湖,-1365571.57,H&S,DMW,298.49
2025-02-16,WuHan_Chuangjie,武汉创洁工贸淡化股份有限公司-武汉东西湖,-1365571.57,H&S,DP.com,237.83
2025-02-16,WuHan_Chuangjie,武汉创洁工贸淡化股份有限公司-武汉东西湖,-1365571.57,H&S,EB,7.17
2025-02-16,WuHan_Chuangjie,武汉创洁工贸淡化股份有限公司-武汉东西湖,-1365571.57,H&S,Grocery & Others,655.79
2025-02-16,WuHan_Chuangjie,武汉创洁工贸淡化股份有限公司-武汉东西湖,-1365571.57,H&S,HSM,12997.66
2025-02-16,WuHan_Chuangjie,武汉创洁工贸淡化股份有限公司-武汉东西湖,-1365571.57,H&S,ICP,0.0
2025-02-16,WuHan_Chuangjie,武汉创洁工贸淡化股份有限公司-武汉东西湖,-1365571.57,H&S,MM,1156.55
2025-02-16,WuHan_Chuangjie,武汉创洁工贸淡化股份有限公司-武汉东西湖,-1365571.57,H&S,WS,0.0
2025-02-17,WuHan_Chuangjie,武汉创洁工贸淡化股份有限公司-武汉东西湖,-1382383.74,H&S,B Store,119.1
2025-02-17,WuHan_Chuangjie,武汉创洁工贸淡化股份有限公司-武汉东西湖,-1382383.74,H&S,CB,219.33
2025-02-17,WuHan_Chuangjie,武汉创洁工贸淡化股份有限公司-武汉东西湖,-1382383.74,H&S,CVS,579.08
2025-02-17,WuHan_Chuangjie,武汉创洁工贸淡化股份有限公司-武汉东西湖,-1382383.74,H&S,DCP,442.52
2025-02-17,WuHan_Chuangjie,武汉创洁工贸淡化股份有限公司-武汉东西湖,-1382383.74,H&S,DKS,191.72
2025-02-17,WuHan_Chuangjie,武汉创洁工贸淡化股份有限公司-武汉东西湖,-1382383.74,H&S,DMW,146.62
2025-02-17,WuHan_Chuangjie,武汉创洁工贸淡化股份有限公司-武汉东西湖,-1382383.74,H&S,DP.com,179.38
2025-02-17,WuHan_Chuangjie,武汉创洁工贸淡化股份有限公司-武汉东西湖,-1382383.74,H&S,EB,43.0
2025-02-17,WuHan_Chuangjie,武汉创洁工贸淡化股份有限公司-武汉东西湖,-1382383.74,H&S,Grocery & Others,492.41
2025-02-17,WuHan_Chuangjie,武汉创洁工贸淡化股份有限公司-武汉东西湖,-1382383.74,H&S,HSM,18616.71
2025-02-17,WuHan_Chuangjie,武汉创洁工贸淡化股份有限公司-武汉东西湖,-1382383.74,H&S,ICP,0.0
2025-02-17,WuHan_Chuangjie,武汉创洁工贸淡化股份有限公司-武汉东西湖,-1382383.74,H&S,MM,1106.6
2025-02-17,WuHan_Chuangjie,武汉创洁工贸淡化股份有限公司-武汉东西湖,-1382383.74,H&S,WS,0.0
2025-02-18,WuHan_Chuangjie,武汉创洁工贸淡化股份有限公司-武汉东西湖,-1404520.21,H&S,B Store,117.44
2025-02-18,WuHan_Chuangjie,武汉创洁工贸淡化股份有限公司-武汉东西湖,-1404520.21,H&S,CB,291.52
2025-02-18,WuHan_Chuangjie,武汉创洁工贸淡化股份有限公司-武汉东西湖,-1404520.21,H&S,CVS,415.72
2025-02-18,WuHan_Chuangjie,武汉创洁工贸淡化股份有限公司-武汉东西湖,-1404520.21,H&S,DCP,342.25
2025-02-18,WuHan_Chuangjie,武汉创洁工贸淡化股份有限公司-武汉东西湖,-1404520.21,H&S,DKS,37.68
2025-02-18,WuHan_Chuangjie,武汉创洁工贸淡化股份有限公司-武汉东西湖,-1404520.21,H&S,DMW,180.48
2025-02-18,WuHan_Chuangjie,武汉创洁工贸淡化股份有限公司-武汉东西湖,-1404520.21,H&S,DP.com,151.93
2025-02-18,WuHan_Chuangjie,武汉创洁工贸淡化股份有限公司-武汉东西湖,-1404520.21,H&S,EB,29.79
2025-02-18,WuHan_Chuangjie,武汉创洁工贸淡化股份有限公司-武汉东西湖,-1404520.21,H&S,Grocery & Others,1155.41
2025-02-18,WuHan_Chuangjie,武汉创洁工贸淡化股份有限公司-武汉东西湖,-1404520.21,H&S,HSM,16542.91
2025-02-18,WuHan_Chuangjie,武汉创洁工贸淡化股份有限公司-武汉东西湖,-1404520.21,H&S,ICP,2942.46
2025-02-18,WuHan_Chuangjie,武汉创洁工贸淡化股份有限公司-武汉东西湖,-1404520.21,H&S,MM,846.69
2025-02-18,WuHan_Chuangjie,武汉创洁工贸淡化股份有限公司-武汉东西湖,-1404520.21,H&S,WS,3212.62
2025-02-19,WuHan_Chuangjie,武汉创洁工贸淡化股份有限公司-武汉东西湖,-1690886.65,H&S,B Store,125.96
2025-02-19,WuHan_Chuangjie,武汉创洁工贸淡化股份有限公司-武汉东西湖,-1690886.65,H&S,CB,371.07
2025-02-19,WuHan_Chuangjie,武汉创洁工贸淡化股份有限公司-武汉东西湖,-1690886.65,H&S,CVS,428.45
2025-02-19,WuHan_Chuangjie,武汉创洁工贸淡化股份有限公司-武汉东西湖,-1690886.65,H&S,DCP,423.12
2025-02-19,WuHan_Chuangjie,武汉创洁工贸淡化股份有限公司-武汉东西湖,-1690886.65,H&S,DKS,61.4
2025-02-19,WuHan_Chuangjie,武汉创洁工贸淡化股份有限公司-武汉东西湖,-1690886.65,H&S,DMW,154.15
2025-02-19,WuHan_Chuangjie,武汉创洁工贸淡化股份有限公司-武汉东西湖,-1690886.65,H&S,DP.com,179.15
2025-02-19,WuHan_Chuangjie,武汉创洁工贸淡化股份有限公司-武汉东西湖,-1690886.65,H&S,EB,33.34
2025-02-19,WuHan_Chuangjie,武汉创洁工贸淡化股份有限公司-武汉东西湖,-1690886.65,H&S,Grocery & Others,510.13
2025-02-19,WuHan_Chuangjie,武汉创洁工贸淡化股份有限公司-武汉东西湖,-1690886.65,H&S,HSM,18523.63
2025-02-19,WuHan_Chuangjie,武汉创洁工贸淡化股份有限公司-武汉东西湖,-1690886.65,H&S,ICP,0.0
2025-02-19,WuHan_Chuangjie,武汉创洁工贸淡化股份有限公司-武汉东西湖,-1690886.65,H&S,MM,912.9
2025-02-19,WuHan_Chuangjie,武汉创洁工贸淡化股份有限公司-武汉东西湖,-1690886.65,H&S,WS,0.0
2025-02-20,WuHan_Chuangjie,武汉创洁工贸淡化股份有限公司-武汉东西湖,-1712609.95,H&S,B Store,130.35
2025-02-20,WuHan_Chuangjie,武汉创洁工贸淡化股份有限公司-武汉东西湖,-1712609.95,H&S,CB,323.72
2025-02-20,WuHan_Chuangjie,武汉创洁工贸淡化股份有限公司-武汉东西湖,-1712609.95,H&S,CVS,447.86
2025-02-20,WuHan_Chuangjie,武汉创洁工贸淡化股份有限公司-武汉东西湖,-1712609.95,H&S,DCP,356.7
2025-02-20,WuHan_Chuangjie,武汉创洁工贸淡化股份有限公司-武汉东西湖,-1712609.95,H&S,DKS,241.98
2025-02-20,WuHan_Chuangjie,武汉创洁工贸淡化股份有限公司-武汉东西湖,-1712609.95,H&S,DMW,284.97
2025-02-20,WuHan_Chuangjie,武汉创洁工贸淡化股份有限公司-武汉东西湖,-1712609.95,H&S,DP.com,217.0
2025-02-20,WuHan_Chuangjie,武汉创洁工贸淡化股份有限公司-武汉东西湖,-1712609.95,H&S,EB,41.99
2025-02-20,WuHan_Chuangjie,武汉创洁工贸淡化股份有限公司-武汉东西湖,-1712609.95,H&S,Grocery & Others,1304.62
2025-02-20,WuHan_Chuangjie,武汉创洁工贸淡化股份有限公司-武汉东西湖,-1712609.95,H&S,HSM,17271.49
2025-02-20,WuHan_Chuangjie,武汉创洁工贸淡化股份有限公司-武汉东西湖,-1712609.95,H&S,ICP,0.0
2025-02-20,WuHan_Chuangjie,武汉创洁工贸淡化股份有限公司-武汉东西湖,-1712609.95,H&S,MM,956.54
2025-02-20,WuHan_Chuangjie,武汉创洁工贸淡化股份有限公司-武汉东西湖,-1712609.95,H&S,WS,0.0
2025-02-21,WuHan_Chuangjie,武汉创洁工贸淡化股份有限公司-武汉东西湖,-1734187.19,H&S,B Store,153.38
2025-02-21,WuHan_Chuangjie,武汉创洁工贸淡化股份有限公司-武汉东西湖,-1734187.19,H&S,CB,431.26
2025-02-21,WuHan_Chuangjie,武汉创洁工贸淡化股份有限公司-武汉东西湖,-1734187.19,H&S,CVS,673.91
2025-02-21,WuHan_Chuangjie,武汉创洁工贸淡化股份有限公司-武汉东西湖,-1734187.19,H&S,DCP,309.61
2025-02-21,WuHan_Chuangjie,武汉创洁工贸淡化股份有限公司-武汉东西湖,-1734187.19,H&S,DKS,151.87
2025-02-21,WuHan_Chuangjie,武汉创洁工贸淡化股份有限公司-武汉东西湖,-1734187.19,H&S,DMW,118.88
2025-02-21,WuHan_Chuangjie,武汉创洁工贸淡化股份有限公司-武汉东西湖,-1734187.19,H&S,DP.com,193.62
2025-02-21,WuHan_Chuangjie,武汉创洁工贸淡化股份有限公司-武汉东西湖,-1734187.19,H&S,EB,42.39
2025-02-21,WuHan_Chuangjie,武汉创洁工贸淡化股份有限公司-武汉东西湖,-1734187.19,H&S,Grocery & Others,795.12
2025-02-21,WuHan_Chuangjie,武汉创洁工贸淡化股份有限公司-武汉东西湖,-1734187.19,H&S,HSM,13961.42
2025-02-21,WuHan_Chuangjie,武汉创洁工贸淡化股份有限公司-武汉东西湖,-1734187.19,H&S,ICP,2522.55
2025-02-21,WuHan_Chuangjie,武汉创洁工贸淡化股份有限公司-武汉东西湖,-1734187.19,H&S,MM,1021.58
2025-02-21,WuHan_Chuangjie,武汉创洁工贸淡化股份有限公司-武汉东西湖,-1734187.19,H&S,WS,3252.14
2025-02-22,WuHan_Chuangjie,武汉创洁工贸淡化股份有限公司-武汉东西湖,-1757814.92,H&S,B Store,180.63
2025-02-22,WuHan_Chuangjie,武汉创洁工贸淡化股份有限公司-武汉东西湖,-1757814.92,H&S,CB,378.12
2025-02-22,WuHan_Chuangjie,武汉创洁工贸淡化股份有限公司-武汉东西湖,-1757814.92,H&S,CVS,413.23
2025-02-22,WuHan_Chuangjie,武汉创洁工贸淡化股份有限公司-武汉东西湖,-1757814.92,H&S,DCP,315.06
2025-02-22,WuHan_Chuangjie,武汉创洁工贸淡化股份有限公司-武汉东西湖,-1757814.92,H&S,DKS,211.42
2025-02-22,WuHan_Chuangjie,武汉创洁工贸淡化股份有限公司-武汉东西湖,-1757814.92,H&S,DMW,95.22
2025-02-22,WuHan_Chuangjie,武汉创洁工贸淡化股份有限公司-武汉东西湖,-1757814.92,H&S,DP.com,150.2
2025-02-22,WuHan_Chuangjie,武汉创洁工贸淡化股份有限公司-武汉东西湖,-1757814.92,H&S,EB,22.52
2025-02-22,WuHan_Chuangjie,武汉创洁工贸淡化股份有限公司-武汉东西湖,-1757814.92,H&S,Grocery & Others,608.37
2025-02-22,WuHan_Chuangjie,武汉创洁工贸淡化股份有限公司-武汉东西湖,-1757814.92,H&S,HSM,12543.46
2025-02-22,WuHan_Chuangjie,武汉创洁工贸淡化股份有限公司-武汉东西湖,-1757814.92,H&S,ICP,0.0
2025-02-22,WuHan_Chuangjie,武汉创洁工贸淡化股份有限公司-武汉东西湖,-1757814.92,H&S,MM,1085.37
2025-02-22,WuHan_Chuangjie,武汉创洁工贸淡化股份有限公司-武汉东西湖,-1757814.92,H&S,WS,0.0
2025-02-23,WuHan_Chuangjie,武汉创洁工贸淡化股份有限公司-武汉东西湖,-2109397.24,H&S,B Store,121.65
2025-02-23,WuHan_Chuangjie,武汉创洁工贸淡化股份有限公司-武汉东西湖,-2109397.24,H&S,CB,344.14
2025-02-23,WuHan_Chuangjie,武汉创洁工贸淡化股份有限公司-武汉东西湖,-2109397.24,H&S,CVS,663.76
2025-02-23,WuHan_Chuangjie,武汉创洁工贸淡化股份有限公司-武汉东西湖,-2109397.24,H&S,DCP,385.52
2025-02-23,WuHan_Chuangjie,武汉创洁工贸淡化股份有限公司-武汉东西湖,-2109397.24,H&S,DKS,47.04
2025-02-23,WuHan_Chuangjie,武汉创洁工贸淡化股份有限公司-武汉东西湖,-2109397.24,H&S,DMW,343.45
2025-02-23,WuHan_Chuangjie,武汉创洁工贸淡化股份有限公司-武汉东西湖,-2109397.24,H&S,DP.com,231.73
2025-02-23,WuHan_Chuangjie,武汉创洁工贸淡化股份有限公司-武汉东西湖,-2109397.24,H&S,EB,48.43
2025-02-23,WuHan_Chuangjie,武汉创洁工贸淡化股份有限公司-武汉东西湖,-2109397.24,H&S,Grocery & Others,1163.01
2025-02-23,WuHan_Chuangjie,武汉创洁工贸淡化股份有限公司-武汉东西湖,-2109397.24,H&S,HSM,16192.1
2025-02-23,WuHan_Chuangjie,武汉创洁工贸淡化股份有限公司-武汉东西湖,-2109397.24,H&S,ICP,0.0
2025-02-23,WuHan_Chuangjie,武汉创洁工贸淡化股份有限公司-武汉东西湖,-2109397.24,H&S,MM,915.86
2025-02-23,WuHan_Chuangjie,武汉创洁工贸淡化股份有限公司-武汉东西湖,-2109397.24,H&S,WS,0.0
2025-02-24,WuHan_Chuangjie,武汉创洁工贸淡化股份有限公司-武汉东西湖,-2129853.93,H&S,B Store,133.46
2025-02-24,WuHan_Chuangjie,武汉创洁工贸淡化股份有限公司-武汉东西湖,-2129853.93,H&S,CB,412.19
2025-02-24,WuHan_Chuangjie,武汉创洁工贸淡化股份有限公司-武汉东西湖,-2129853.93,H&S,CVS,632.73
2025-02-24,WuHan_Chuangjie,武汉创洁工贸淡化股份有限公司-武汉东西湖,-2129853.93,H&S,DCP,317.49
2025-02-24,WuHan_Chuangjie,武汉创洁工贸淡化股份有限公司-武汉东西湖,-2129853.93,H&S,DKS,100.75
2025-02-24,WuHan_Chuangjie,武汉创洁工贸淡化股份有限公司-武汉东西湖,-2129853.93,H&S,DMW,39.3
2025-02-24,WuHan_Chuangjie,武汉创洁工贸淡化股份有限公司-武汉东西湖,-2129853.93,H&S,DP.com,157.29
2025-02-24,WuHan_Chuangjie,武汉创洁工贸淡化股份有限公司-武汉东西湖,-2129853.93,H&S,EB,18.23
2025-02-24,WuHan_Chuangjie,武汉创洁工贸淡化股份有限公司-武汉东西湖,-2129853.93,H&S,Grocery & Others,1406.54
2025-02-24,WuHan_Chuangjie,武汉创洁工贸淡化股份有限公司-武汉东西湖,-2129853.93,H&S,HSM,15379.23
2025-02-24,WuHan_Chuangjie,武汉创洁工贸淡化股份有限公司-武汉东西湖,-2129853.93,H&S,ICP,3520.44
2025-02-24,WuHan_Chuangjie,武汉创洁工贸淡化股份有限公司-武汉东西湖,-2129853.93,H&S,MM,1051.62
2025-02-24,WuHan_Chuangjie,武汉创洁工贸淡化股份有限公司-武汉东西湖,-2129853.93,H&S,WS,3057.18
2025-02-25,WuHan_Chuangjie,武汉创洁工贸淡化股份有限公司-武汉东西湖,-2156080.38,H&S,B Store,108.78
2025-02-25,WuHan_Chuangjie,武汉创洁工贸淡化股份有限公司-武汉东西湖,-2156080.38,H&S,CB,253.93
2025-02-25,WuHan_Chuangjie,武汉创洁工贸淡化股份有限公司-武汉东西湖,-2156080.38,H&S,CVS,694.17
2025-02-25,WuHan_Chuangjie,武汉创洁工贸淡化股份有限公司-武汉东西湖,-2156080.38,H&S,DCP,325.98
2025-02-25,WuHan_Chuangjie,武汉创洁工贸淡化股份有限公司-武汉东西湖,-2156080.38,H&S,DKS,179.3
2025-02-25,WuHan_Chuangjie,武汉创洁工贸淡化股份有限公司-武汉东西湖,-2156080.38,H&S,DMW,21.31
2025-02-25,WuHan_Chuangjie,武汉创洁工贸淡化股份有限公司-武汉东西湖,-2156080.38,H&S,DP.com,225.01
2025-02-25,WuHan_Chuangjie,武汉创洁工贸淡化股份有限公司-武汉东西湖,-2156080.38,H&S,EB,20.34
2025-02-25,WuHan_Chuangjie,武汉创洁工贸淡化股份有限公司-武汉东西湖,-2156080.38,H&S,Grocery & Others,936.8
2025-02-25,WuHan_Chuangjie,武汉创洁工贸淡化股份有限公司-武汉东西湖,-2156080.38,H&S,HSM,16999.7
2025-02-25,WuHan_Chuangjie,武汉创洁工贸淡化股份有限公司-武汉东西湖,-2156080.38,H&S,ICP,0.0
2025-02-25,WuHan_Chuangjie,武汉创洁工贸淡化股份有限公司-武汉东西湖,-2156080.38,H&S,MM,1018.35
2025-02-25,WuHan_Chuangjie,武汉创洁工贸淡化股份有限公司-武汉东西湖,-2156080.38,H&S,WS,0.0
2025-02-26,WuHan_Chuangjie,武汉创洁工贸淡化股份有限公司-武汉东西湖,-2520463.55,H&S,B Store,196.77
2025-02-26,WuHan_Chuangjie,武汉创洁工贸淡化股份有限公司-武汉东西湖,-2520463.55,H&S,CB,226.01
2025-02-26,WuHan_Chuangjie,武汉创洁工贸淡化股份有限公司-武汉东西湖,-2520463.55,H&S,CVS,838.24
2025-02-26,WuHan_Chuangjie,武汉创洁工贸淡化股份有限公司-武汉东西湖,-2520463.55,H&S,DCP,342.74
2025-02-26,WuHan_Chuangjie,武汉创洁工贸淡化股份有限公司-武汉东西湖,-2520463.55,H&S,DKS,138.39
2025-02-26,WuHan_Chuangjie,武汉创洁工贸淡化股份有限公司-武汉东西湖,-2520463.55,H&S,DMW,150.57
2025-02-26,WuHan_Chuangjie,武汉创洁工贸淡化股份有限公司-武汉东西湖,-2520463.55,H&S,DP.com,180.79
2025-02-26,WuHan_Chuangjie,武汉创洁工贸淡化股份有限公司-武汉东西湖,-2520463.55,H&S,EB,31.77
2025-02-26,WuHan_Chuangjie,武汉创洁工贸淡化股份有限公司-武汉东西湖,-2520463.55,H&S,Grocery & Others,1273.88
2025-02-26,WuHan_Chuangjie,武汉创洁工贸淡化股份有限公司-武汉东西湖,-2520463.55,H&S,HSM,17794.15
2025-02-26,WuHan_Chuangjie,武汉创洁工贸淡化股份有限公司-武汉东西湖,-2520463.55,H&S,ICP,0.0
2025-02-26,WuHan_Chuangjie,武汉创洁工贸淡化股份有限公司-武汉东西湖,-2520463.55,H&S,MM,1157.27
2025-02-26,WuHan_Chuangjie,武汉创洁工贸淡化股份有限公司-武汉东西湖,-2520463.55,H&S,WS,0.0
2025-02-27,WuHan_Chuangjie,武汉创洁工贸淡化股份有限公司-武汉东西湖,-2542794.14,H&S,B Store,108.99
2025-02-27,WuHan_Chuangjie,武汉创洁工贸淡化股份有限公司-武汉东西湖,-2542794.14,H&S,CB,161.13
2025-02-27,WuHan_Chuangjie,武汉创洁工贸淡化股份有限公司-武汉东西湖,-2542794.14,H&S,CVS,797.47
2025-02-27,WuHan_Chuangjie,武汉创洁工贸淡化股份有限公司-武汉东西湖,-2542794.14,H&S,DCP,333.12
2025-02-27,WuHan_Chuangjie,武汉创洁工贸淡化股份有限公司-武汉东西湖,-2542794.14,H&S,DKS,55.8
2025-02-27,WuHan_Chuangjie,武汉创洁工贸淡化股份有限公司-武汉东西湖,-2542794.14,H&S,DMW,296.86
2025-02-27,WuHan_Chuangjie,武汉创洁工贸淡化股份有限公司-武汉东西湖,-2542794.14,H&S,DP.com,231.64
2025-02-27,WuHan_Chuangjie,武汉创洁工贸淡化股份有限公司-武汉东西湖,-2542794.14,H&S,EB,20.11
2025-02-27,WuHan_Chuangjie,武汉创洁工贸淡化股份有限公司-武汉东西湖,-2542794.14,H&S,Grocery & Others,550.44
2025-02-27,WuHan_Chuangjie,武汉创洁工贸淡化股份有限公司-武汉东西湖,-2542794.14,H&S,HSM,17692.36
2025-02-27,WuHan_Chuangjie,武汉创洁工贸淡化股份有限公司-武汉东西湖,-2542794.14,H&S,ICP,2196.23
2025-02-27,WuHan_Chuangjie,武汉创洁工贸淡化股份有限公司-武汉东西湖,-2542794.14,H&S,MM,1068.34
2025-02-27,WuHan_Chuangjie,武汉创洁工贸淡化股份有限公司-武汉东西湖,-2542794.14,H&S,WS,3821.61
2025-02-28,WuHan_Chuangjie,武汉创洁工贸淡化股份有限公司-武汉东西湖,-2570128.25,H&S,B Store,181.34
2025-02-28,WuHan_Chuangjie,武汉创洁工贸淡化股份有限公司-武汉东西湖,-2570128.25,H&S,CB,233.2
2025-02-28,WuHan_Chuangjie,武汉创洁工贸淡化股份有限公司-武汉东西湖,-2570128.25,H&S,CVS,821.87
2025-02-28,WuHan_Chuangjie,武汉创洁工贸淡化股份有限公司-武汉东西湖,-2570128.25,H&S,DCP,342.73
2025-02-28,WuHan_Chuangjie,武汉创洁工贸淡化股份有限公司-武汉东西湖,-2570128.25,H&S,DKS,205.43
2025-02-28,WuHan_Chuangjie,武汉创洁工贸淡化股份有限公司-武汉东西湖,-2570128.25,H&S,DMW,303.42
2025-02-28,WuHan_Chuangjie,武汉创洁工贸淡化股份有限公司-武汉东西湖,-2570128.25,H&S,DP.com,161.04
2025-02-28,WuHan_Chuangjie,武汉创洁工贸淡化股份有限公司-武汉东西湖,-2570128.25,H&S,EB,42.51
2025-02-28,WuHan_Chuangjie,武汉创洁工贸淡化股份有限公司-武汉东西湖,-2570128.25,H&S,Grocery & Others,532.39
2025-02-28,WuHan_Chuangjie,武汉创洁工贸淡化股份有限公司-武汉东西湖,-2570128.25,H&S,HSM,18806.9
2025-02-28,WuHan_Chuangjie,武汉创洁工贸淡化股份有限公司-武汉东西湖,-2570128.25,H&S,ICP,0.0
2025-02-28,WuHan_Chuangjie,武汉创洁工贸淡化股份有限公司-武汉东西湖,-2570128.25,H&S,MM,1058.0
2025-02-28,WuHan_Chuangjie,武汉创洁工贸淡化股份有限公司-武汉东西湖,-2570128.25,H&S,WS,0.0
2025-03-01,WuHan_Chuangjie,武汉创洁工贸淡化股份有限公司-武汉东西湖,-2592817.08,H&S,B Store,164.55
2025-03-01,WuHan_Chuangjie,武汉创洁工贸淡化股份有限公司-武汉东西湖,-2592817.08,H&S,CB,167.2
2025-03-01,WuHan_Chuangjie,武汉创洁工贸淡化股份有限公司-武汉东西湖,-2592817.08,H&S,CVS,541.07
2025-03-01,WuHan_Chuangjie,武汉创洁工贸淡化股份有限公司-武汉东西湖,-2592817.08,H&S,DCP,415.38
2025-03-01,WuHan_Chuangjie,武汉创洁工贸淡化股份有限公司-武汉东西湖,-2592817.08,H&S,DKS,127.59
2025-03-01,WuHan_Chuangjie,武汉创洁工贸淡化股份有限公司-武汉东西湖,-2592817.08,H&S,DMW,186.14
2025-03-01,WuHan_Chuangjie,武汉创洁工贸淡化股份有限公司-武汉东西湖,-2592817.08,H&S,DP.com,204.85
2025-03-01,WuHan_Chuangjie,武汉创洁工贸淡化股份有限公司-武汉东西湖,-2592817.08,H&S,EB,16.52
2025-03-01,WuHan_Chuangjie,武汉创洁工贸淡化股份有限公司-武汉东西湖,-2592817.08,H&S,Grocery & Others,1466.56
2025-03-01,WuHan_Chuangjie,武汉创洁工贸淡化股份有限公司-武汉东西湖,-2592817.08,H&S,HSM,13604.14
2025-03-01,WuHan_Chuangjie,武汉创洁工贸淡化股份有限公司-武汉东西湖,-2592817.08,H&S,ICP,0.0
2025-03-01,WuHan_Chuangjie,武汉创洁工贸淡化股份有限公司-武汉东西湖,-2592817.08,H&S,MM,1037.08
2025-03-01,WuHan_Chuangjie,武汉创洁工贸淡化股份有限公司-武汉东西湖,-2592817.08,H&S,WS,0.0
2025-03-02,WuHan_Chuangjie,武汉创洁工贸淡化股份有限公司-武汉东西湖,-3079595.43,H&S,B Store,142.74
2025-03-02,WuHan_Chuangjie,武汉创洁工贸淡化股份有限公司-武汉东西湖,-3079595.43,H&S,CB,407.57
2025-03-02,WuHan_Chuangjie,武汉创洁工贸淡化股份有限公司-武汉东西湖,-3079595.43,H&S,CVS,495.96
2025-03-02,WuHan_Chuangjie,武汉创洁工贸淡化股份有限公司-武汉东西湖,-3079595.43,H&S,DCP,407.62
2025-03-02,WuHan_Chuangjie,武汉创洁工贸淡化股份有限公司-武汉东西湖,-3079595.43,H&S,DKS,150.68
2025-03-02,WuHan_Chuangjie,武汉创洁工贸淡化股份有限公司-武汉东西湖,-3079595.43,H&S,DMW,67.27
2025-03-02,WuHan_Chuangjie,武汉创洁工贸淡化股份有限公司-武汉东西湖,-3079595.43,H&S,DP.com,182.45
2025-03-02,WuHan_Chuangjie,武汉创洁工贸淡化股份有限公司-武汉东西湖,-3079595.43,H&S,EB,42.97
2025-03-02,WuHan_Chuangjie,武汉创洁工贸淡化股份有限公司-武汉东西湖,-3079595.43,H&S,Grocery & Others,920.81
2025-03-02,WuHan_Chuangjie,武汉创洁工贸淡化股份有限公司-武汉东西湖,-3079595.43,H&S,HSM,15305.27
2025-03-02,WuHan_Chuangjie,武汉创洁工贸淡化股份有限公司-武汉东西湖,-3079595.43,H&S,ICP,3896.86
2025-03-02,WuHan_Chuangjie,武汉创洁工贸淡化股份有限公司-武汉东西湖,-3079595.43,H&S,MM,1071.44
2025-03-02,WuHan_Chuangjie,武汉创洁工贸淡化股份有限公司-武汉东西湖,-3079595.43,H&S,WS,2455.66
2025-03-03,WuHan_Chuangjie,武汉创洁工贸淡化股份有限公司-武汉东西湖,-3105142.73,H&S,B Store,153.63
2025-03-03,WuHan_Chuangjie,武汉创洁工贸淡化股份有限公司-武汉东西湖,-3105142.73,H&S,CB,390.94
2025-03-03,WuHan_Chuangjie,武汉创洁工贸淡化股份有限公司-武汉东西湖,-3105142.73,H&S,CVS,556.62
2025-03-03,WuHan_Chuangjie,武汉创洁工贸淡化股份有限公司-武汉东西湖,-3105142.73,H&S,DCP,309.19
2025-03-03,WuHan_Chuangjie,武汉创洁工贸淡化股份有限公司-武汉东西湖,-3105142.73,H&S,DKS,219.65
2025-03-03,WuHan_Chuangjie,武汉创洁工贸淡化股份有限公司-武汉东西湖,-3105142.73,H&S,DMW,112.96
2025-03-03,WuHan_Chuangjie,武汉创洁工贸淡化股份有限公司-武汉东西湖,-3105142.73,H&S,DP.com,210.85
2025-03-03,WuHan_Chuangjie,武汉创洁工贸淡化股份有限公司-武汉东西湖,-3105142.73,H&S,EB,35.84
2025-03-03,WuHan_Chuangjie,武汉创洁工贸淡化股份有限公司-武汉东西湖,-3105142.73,H&S,Grocery & Others,1240.21
2025-03-03,WuHan_Chuangjie,武汉创洁工贸淡化股份有限公司-武汉东西湖,-3105142.73,H&S,HSM,14688.33
2025-03-03,WuHan_Chuangjie,武汉创洁工贸淡化股份有限公司-武汉东西湖,-3105142.73,H&S,ICP,0.0
2025-03-03,WuHan_Chuangjie,武汉创洁工贸淡化股份有限公司-武汉东西湖,-3105142.73,H&S,MM,1106.32
2025-03-03,WuHan_Chuangjie,武汉创洁工贸淡化股份有限公司-武汉东西湖,-3105142.73,H&S,WS,0.0
2025-03-04,WuHan_Chuangjie,武汉创洁工贸淡化股份有限公司-武汉东西湖,-3124167.26,H&S,B Store,151.82
2025-03-04,WuHan_Chuangjie,武汉创洁工贸淡化股份有限公司-武汉东西湖,-3124167.26,H&S,CB,236.55
2025-03-04,WuHan_Chuangjie,武汉创洁工贸淡化股份有限公司-武汉东西湖,-3124167.26,H&S,CVS,564.52
2025-03-04,WuHan_Chuangjie,武汉创洁工贸淡化股份有限公司-武汉东西湖,-3124167.26,H&S,DCP,427.3
2025-03-04,WuHan_Chuangjie,武汉创洁工贸淡化股份有限公司-武汉东西湖,-3124167.26,H&S,DKS,162.58
2025-03-04,WuHan_Chuangjie,武汉创洁工贸淡化股份有限公司-武汉东西湖,-3124167.26,H&S,DMW,66.55
2025-03-04,WuHan_Chuangjie,武汉创洁工贸淡化股份有限公司-武汉东西湖,-3124167.26,H&S,DP.com,221.84
2025-03-04,WuHan_Chuangjie,武汉创洁工贸淡化股份有限公司-武汉东西湖,-3124167.26,H&S,EB,37.7
2025-03-04,WuHan_Chuangjie,武汉创洁工贸淡化股份有限公司-武汉东西湖,-3124167.26,H&S,Grocery & Others,1355.68
2025-03-04,WuHan_Chuangjie,武汉创洁工贸淡化股份有限公司-武汉东西湖,-3124167.26,H&S,HSM,12061.62
2025-03-04,WuHan_Chuangjie,武汉创洁工贸淡化股份有限公司-武汉东西湖,-3124167.26,H&S,ICP,0.0
2025-03-04,WuHan_Chuangjie,武汉创洁工贸淡化股份有限公司-武汉东西湖,-3124167.26,H&S,MM,1071.0
2025-03-04,WuHan_Chuangjie,武汉创洁工贸淡化股份有限公司-武汉东西湖,-3124167.26,H&S,WS,0.0
2025-03-05,WuHan_Chuangjie,武汉创洁工贸淡化股份有限公司-武汉东西湖,-3140524.41,H&S,B Store,166.43
2025-03-05,WuHan_Chuangjie,武汉创洁工贸淡化股份有限公司-武汉东西湖,-3140524.41,H&S,CB,257.64
2025-03-05,WuHan_Chuangjie,武汉创洁工贸淡化股份有限公司-武汉东西湖,-3140524.41,H&S,CVS,640.28
2025-03-05,WuHan_Chuangjie,武汉创洁工贸淡化股份有限公司-武汉东西湖,-3140524.41,H&S,DCP,361.64
2025-03-05,WuHan_Chuangjie,武汉创洁工贸淡化股份有限公司-武汉东西湖,-3140524.41,H&S,DKS,126.43
2025-03-05,WuHan_Chuangjie,武汉创洁工贸淡化股份有限公司-武汉东西湖,-3140524.41,H&S,DMW,103.34
2025-03-05,WuHan_Chuangjie,武汉创洁工贸淡化股份有限公司-武汉东西湖,-3140524.41,H&S,DP.com,226.38
2025-03-05,WuHan_Chuangjie,武汉创洁工贸淡化股份有限公司-武汉东西湖,-3140524.41,H&S,EB,48.64
2025-03-05,WuHan_Chuangjie,武汉创洁工贸淡化股份有限公司-武汉东西湖,-3140524.41,H&S,Grocery & Others,1167.75
2025-03-05,WuHan_Chuangjie,武汉创洁工贸淡化股份有限公司-武汉东西湖,-3140524.41,H&S,HSM,14452.89
2025-03-05,WuHan_Chuangjie,武汉创洁工贸淡化股份有限公司-武汉东西湖,-3140524.41,H&S,ICP,2310.09
2025-03-05,WuHan_Chuangjie,武汉创洁工贸淡化股份有限公司-武汉东西湖,-3140524.41,H&S,MM,1021.36
2025-03-05,WuHan_Chuangjie,武汉创洁工贸淡化股份有限公司-武汉东西湖,-3140524.41,H&S,WS,3428.61
2025-03-06,WuHan_Chuangjie,武汉创洁工贸淡化股份有限公司-武汉东西湖,-3692386.23,H&S,B Store,110.09
2025-03-06,WuHan_Chuangjie,武汉创洁工贸淡化股份有限公司-武汉东西湖,-3692386.23,H&S,CB,380.33
2025-03-06,WuHan_Chuangjie,武汉创洁工贸淡化股份有限公司-武汉东西湖,-3692386.23,H&S,CVS,815.5
2025-03-06,WuHan_Chuangjie,武汉创洁工贸淡化股份有限公司-武汉东西湖,-3692386.23,H&S,DCP,403.75
2025-03-06,WuHan_Chuangjie,武汉创洁工贸淡化股份有限公司-武汉东西湖,-3692386.23,H&S,DKS,54.87
2025-03-06,WuHan_Chuangjie,武汉创洁工贸淡化股份有限公司-武汉东西湖,-3692386.23,H&S,DMW,277.05
2025-03-06,WuHan_Chuangjie,武汉创洁工贸淡化股份有限公司-武汉东西湖,-3692386.23,H&S,DP.com,219.03
2025-03-06,WuHan_Chuangjie,武汉创洁工贸淡化股份有限公司-武汉东西湖,-3692386.23,H&S,EB,27.43
2025-03-06,WuHan_Chuangjie,武汉创洁工贸淡化股份有限公司-武汉东西湖,-3692386.23,H&S,Grocery & Others,1324.26
2025-03-06,WuHan_Chuangjie,武汉创洁工贸淡化股份有限公司-武汉东西湖,-3692386.23,H&S,HSM,13906.36
2025-03-06,WuHan_Chuangjie,武汉创洁工贸淡化股份有限公司-武汉东西湖,-3692386.23,H&S,ICP,0.0
2025-03-06,WuHan_Chuangjie,武汉创洁工贸淡化股份有限公司-武汉东西湖,-3692386.23,H&S,MM,1189.52
2025-03-06,WuHan_Chuangjie,武汉创洁工贸淡化股份有限公司-武汉东西湖,-3692386.23,H&S,WS,0.0
2025-03-07,WuHan_Chuangjie,武汉创洁工贸淡化股份有限公司-武汉东西湖,-3711094.41,H&S,B Store,160.81
2025-03-07,WuHan_Chuangjie,武汉创洁工贸淡化股份有限公司-武汉东西湖,-3711094.41,H&S,CB,256.99
2025-03-07,WuHan_Chuangjie,武汉创洁工贸淡化股份有限公司-武汉东西湖,-3711094.41,H&S,CVS,602.2
2025-03-07,WuHan_Chuangjie,武汉创洁工贸淡化股份有限公司-武汉东西湖,-3711094.41,H&S,DCP,325.92
2025-03-07,WuHan_Chuangjie,武汉创洁工贸淡化股份有限公司-武汉东西湖,-3711094.41,H&S,DKS,112.61
2025-03-07,WuHan_Chuangjie,武汉创洁工贸淡化股份有限公司-武汉东西湖,-3711094.41,H&S,DMW,83.47
2025-03-07,WuHan_Chuangjie,武汉创洁工贸淡化股份有限公司-武汉东西湖,-3711094.41,H&S,DP.com,187.1
2025-03-07,WuHan_Chuangjie,武汉创洁工贸淡化股份有限公司-武汉东西湖,-3711094.41,H&S,EB,1.86
2025-03-07,WuHan_Chuangjie,武汉创洁工贸淡化股份有限公司-武汉东西湖,-3711094.41,H&S,Grocery & Others,806.8
2025-03-07,WuHan_Chuangjie,武汉创洁工贸淡化股份有限公司-武汉东西湖,-3711094.41,H&S,HSM,16442.62
2025-03-07,WuHan_Chuangjie,武汉创洁工贸淡化股份有限公司-武汉东西湖,-3711094.41,H&S,ICP,0.0
2025-03-07,WuHan_Chuangjie,武汉创洁工贸淡化股份有限公司-武汉东西湖,-3711094.41,H&S,MM,837.46
2025-03-07,WuHan_Chuangjie,武汉创洁工贸淡化股份有限公司-武汉东西湖,-3711094.41,H&S,WS,0.0
2025-03-08,WuHan_Chuangjie,武汉创洁工贸淡化股份有限公司-武汉东西湖,-3730912.25,H&S,B Store,115.4
2025-03-08,WuHan_Chuangjie,武汉创洁工贸淡化股份有限公司-武汉东西湖,-3730912.25,H&S,CB,188.91
2025-03-08,WuHan_Chuangjie,武汉创洁工贸淡化股份有限公司-武汉东西湖,-3730912.25,H&S,CVS,500.59
2025-03-08,WuHan_Chuangjie,武汉创洁工贸淡化股份有限公司-武汉东西湖,-3730912.25,H&S,DCP,445.08
2025-03-08,WuHan_Chuangjie,武汉创洁工贸淡化股份有限公司-武汉东西湖,-3730912.25,H&S,DKS,107.12
2025-03-08,WuHan_Chuangjie,武汉创洁工贸淡化股份有限公司-武汉东西湖,-3730912.25,H&S,DMW,204.29
2025-03-08,WuHan_Chuangjie,武汉创洁工贸淡化股份有限公司-武汉东西湖,-3730912.25,H&S,DP.com,174.78
2025-03-08,WuHan_Chuangjie,武汉创洁工贸淡化股份有限公司-武汉东西湖,-3730912.25,H&S,EB,47.79
2025-03-08,WuHan_Chuangjie,武汉创洁工贸淡化股份有限公司-武汉东西湖,-3730912.25,H&S,Grocery & Others,1303.96
2025-03-08,WuHan_Chuangjie,武汉创洁工贸淡化股份有限公司-武汉东西湖,-3730912.25,H&S,HSM,14461.84
2025-03-08,WuHan_Chuangjie,武汉创洁工贸淡化股份有限公司-武汉东西湖,-3730912.25,H&S,ICP,3364.91
2025-03-08,WuHan_Chuangjie,武汉创洁工贸淡化股份有限公司-武汉东西湖,-3730912.25,H&S,MM,929.85
2025-03-08,WuHan_Chuangjie,武汉创洁工贸淡化股份有限公司-武汉东西湖,-3730912.25,H&S,WS,3316.85
2025-03-09,WuHan_Chuangjie,武汉创洁工贸淡化股份有限公司-武汉东西湖,-4174609.93,H&S,B Store,136.53
2025-03-09,WuHan_Chuangjie,武汉创洁工贸淡化股份有限公司-武汉东西湖,-4174609.93,H&S,CB,374.51
2025-03-09,WuHan_Chuangjie,武汉创洁工贸淡化股份有限公司-武汉东西湖,-4174609.93,H&S,CVS,497.78
2025-03-09,WuHan_Chuangjie,武汉创洁工贸淡化股份有限公司-武汉东西湖,-4174609.93,H&S,DCP,368.97
2025-03-09,WuHan_Chuangjie,武汉创洁工贸淡化股份有限公司-武汉东西湖,-4174609.93,H&S,DKS,84.4
2025-03-09,WuHan_Chuangjie,武汉创洁工贸淡化股份有限公司-武汉东西湖,-4174609.93,H&S,DMW,193.12
2025-03-09,WuHan_Chuangjie,武汉创洁工贸淡化股份有限公司-武汉东西湖,-4174609.93,H&S,DP.com,153.79
2025-03-09,WuHan_Chuangjie,武汉创洁工贸淡化股份有限公司-武汉东西湖,-4174609.93,H&S,EB,38.21
2025-03-09,WuHan_Chuangjie,武汉创洁工贸淡化股份有限公司-武汉东西湖,-4174609.93,H&S,Grocery & Others,493.09
2025-03-09,WuHan_Chuangjie,武汉创洁工贸淡化股份有限公司-武汉东西湖,-4174609.93,H&S,HSM,13875.06
2025-03-09,WuHan_Chuangjie,武汉创洁工贸淡化股份有限公司-武汉东西湖,-4174609.93,H&S,ICP,0.0
2025-03-09,WuHan_Chuangjie,武汉创洁工贸淡化股份有限公司-武汉东西湖,-4174609.93,H&S,MM,1162.04
2025-03-09,WuHan_Chuangjie,武汉创洁工贸淡化股份有限公司-武汉东西湖,-4174609.93,H&S,WS,0.0
2025-03-10,WuHan_Chuangjie,武汉创洁工贸淡化股份有限公司-武汉东西湖,-4191987.42,H&S,B Store,136.08
2025-03-10,WuHan_Chuangjie,武汉创洁工贸淡化股份有限公司-武汉东西湖,-4191987.42,H&S,CB,291.35
2025-03-10,WuHan_Chuangjie,武汉创洁工贸淡化股份有限公司-武汉东西湖,-4191987.42,H&S,CVS,408.68
2025-03-10,WuHan_Chuangjie,武汉创洁工贸淡化股份有限公司-武汉东西湖,-4191987.42,H&S,DCP,345.93
2025-03-10,WuHan_Chuangjie,武汉创洁工贸淡化股份有限公司-武汉东西湖,-4191987.42,H&S,DKS,106.57
2025-03-10,WuHan_Chuangjie,武汉创洁工贸淡化股份有限公司-武汉东西湖,-4191987.42,H&S,DMW,170.37
2025-03-10,WuHan_Chuangjie,武汉创洁工贸淡化股份有限公司-武汉东西湖,-4191987.42,H&S,DP.com,197.2
2025-03-10,WuHan_Chuangjie,武汉创洁工贸淡化股份有限公司-武汉东西湖,-4191987.42,H&S,EB,10.04
2025-03-10,WuHan_Chuangjie,武汉创洁工贸淡化股份有限公司-武汉东西湖,-4191987.42,H&S,Grocery & Others,1468.87
2025-03-10,WuHan_Chuangjie,武汉创洁工贸淡化股份有限公司-武汉东西湖,-4191987.42,H&S,HSM,16554.83
2025-03-10,WuHan_Chuangjie,武汉创洁工贸淡化股份有限公司-武汉东西湖,-4191987.42,H&S,ICP,0.0
2025-03-10,WuHan_Chuangjie,武汉创洁工贸淡化股份有限公司-武汉东西湖,-4191987.42,H&S,MM,972.03
2025-03-10,WuHan_Chuangjie,武汉创洁工贸淡化股份有限公司-武汉东西湖,-4191987.42,H&S,WS,0.0
2025-03-11,WuHan_Chuangjie,武汉创洁工贸淡化股份有限公司-武汉东西湖,-4212649.37,H&S,B Store,103.78
2025-03-11,WuHan_Chuangjie,武汉创洁工贸淡化股份有限公司-武汉东西湖,-4212649.37,H&S,CB,427.88
2025-03-11,WuHan_Chuangjie,武汉创洁工贸淡化股份有限公司-武汉东西湖,-4212649.37,H&S,CVS,806.72
2025-03-11,WuHan_Chuangjie,武汉创洁工贸淡化股份有限公司-武汉东西湖,-4212649.37,H&S,DCP,314.32
2025-03-11,WuHan_Chuangjie,武汉创洁工贸淡化股份有限公司-武汉东西湖,-4212649.37,H&S,DKS,209.69
2025-03-11,WuHan_Chuangjie,武汉创洁工贸淡化股份有限公司-武汉东西湖,-4212649.37,H&S,DMW,283.35
2025-03-11,WuHan_Chuangjie,武汉创洁工贸淡化股份有限公司-武汉东西湖,-4212649.37,H&S,DP.com,248.02
2025-03-11,WuHan_Chuangjie,武汉创洁工贸淡化股份有限公司-武汉东西湖,-4212649.37,H&S,EB,32.16
2025-03-11,WuHan_Chuangjie,武汉创洁工贸淡化股份有限公司-武汉东西湖,-4212649.37,H&S,Grocery & Others,569.95
2025-03-11,WuHan_Chuangjie,武汉创洁工贸淡化股份有限公司-武汉东西湖,-4212649.37,H&S,HSM,15810.5
2025-03-11,WuHan_Chuangjie,武汉创洁工贸淡化股份有限公司-武汉东西湖,-4212649.37,H&S,ICP,3751.02
2025-03-11,WuHan_Chuangjie,武汉创洁工贸淡化股份有限公司-武汉东西湖,-4212649.37,H&S,MM,903.66
2025-03-11,WuHan_Chuangjie,武汉创洁工贸淡化股份有限公司-武汉东西湖,-4212649.37,H&S,WS,2494.85
2025-03-12,WuHan_Chuangjie,武汉创洁工贸淡化股份有限公司-武汉东西湖,-4734636.86,H&S,B Store,187.86
2025-03-12,WuHan_Chuangjie,武汉创洁工贸淡化股份有限公司-武汉东西湖,-4734636.86,H&S,CB,355.19
2025-03-12,WuHan_Chuangjie,武汉创洁工贸淡化股份有限公司-武汉东西湖,-4734636.86,H&S,CVS,672.31
2025-03-12,WuHan_Chuangjie,武汉创洁工贸淡化股份有限公司-武汉东西湖,-4734636.86,H&S,DCP,431.92
2025-03-12,WuHan_Chuangjie,武汉创洁工贸淡化股份有限公司-武汉东西湖,-4734636.86,H&S,DKS,168.48
2025-03-12,WuHan_Chuangjie,武汉创洁工贸淡化股份有限公司-武汉东西湖,-4734636.86,H&S,DMW,274.5
2025-03-12,WuHan_Chuangjie,武汉创洁工贸淡化股份有限公司-武汉东西湖,-4734636.86,H&S,DP.com,240.01
2025-03-12,WuHan_Chuangjie,武汉创洁工贸淡化股份有限公司-武汉东西湖,-4734636.86,H&S,EB,29.24
2025-03-12,WuHan_Chuangjie,武汉创洁工贸淡化股份有限公司-武汉东西湖,-4734636.86,H&S,Grocery & Others,1038.2
2025-03-12,WuHan_Chuangjie,武汉创洁工贸淡化股份有限公司-武汉东西湖,-4734636.86,H&S,HSM,13712.08
2025-03-12,WuHan_Chuangjie,武汉创洁工贸淡化股份有限公司-武汉东西湖,-4734636.86,H&S,ICP,0.0
2025-03-12,WuHan_Chuangjie,武汉创洁工贸淡化股份有限公司-武汉东西湖,-4734636.86,H&S,MM,905.83
2025-03-12,WuHan_Chuangjie,武汉创洁工贸淡化股份有限公司-武汉东西湖,-4734636.86,H&S,WS,0.0
2025-03-13,WuHan_Chuangjie,武汉创洁工贸淡化股份有限公司-武汉东西湖,-4752652.49,H&S,B Store,184.83
2025-03-13,WuHan_Chuangjie,武汉创洁工贸淡化股份有限公司-武汉东西湖,-4752652.49,H&S,CB,442.41
2025-03-13,WuHan_Chuangjie,武汉创洁工贸淡化股份有限公司-武汉东西湖,-4752652.49,H&S,CVS,564.78
2025-03-13,WuHan_Chuangjie,武汉创洁工贸淡化股份有限公司-武汉东西湖,-4752652.49,H&S,DCP,401.35
2025-03-13,WuHan_Chuangjie,武汉创洁工贸淡化股份有限公司-武汉东西湖,-4752652.49,H&S,DKS,164.19
2025-03-13,WuHan_Chuangjie,武汉创洁工贸淡化股份有限公司-武汉东西湖,-4752652.49,H&S,DMW,158.2
2025-03-13,WuHan_Chuangjie,武汉创洁工贸淡化股份有限公司-武汉东西湖,-4752652.49,H&S,DP.com,246.48
2025-03-13,WuHan_Chuangjie,武汉创洁工贸淡化股份有限公司-武汉东西湖,-4752652.49,H&S,EB,32.94
2025-03-13,WuHan_Chuangjie,武汉创洁工贸淡化股份有限公司-武汉东西湖,-4752652.49,H&S,Grocery & Others,522.85
2025-03-13,WuHan_Chuangjie,武汉创洁工贸淡化股份有限公司-武汉东西湖,-4752652.49,H&S,HSM,15360.76
2025-03-13,WuHan_Chuangjie,武汉创洁工贸淡化股份有限公司-武汉东西湖,-4752652.49,H&S,ICP,0.0
2025-03-13,WuHan_Chuangjie,武汉创洁工贸淡化股份有限公司-武汉东西湖,-4752652.49,H&S,MM,949.78
2025-03-13,WuHan_Chuangjie,武汉创洁工贸淡化股份有限公司-武汉东西湖,-4752652.49,H&S,WS,0.0
2025-03-14,WuHan_Chuangjie,武汉创洁工贸淡化股份有限公司-武汉东西湖,-4771681.07,H&S,B Store,127.65
2025-03-14,WuHan_Chuangjie,武汉创洁工贸淡化股份有限公司-武汉东西湖,-4771681.07,H&S,CB,368.42
2025-03-14,WuHan_Chuangjie,武汉创洁工贸淡化股份有限公司-武汉东西湖,-4771681.07,H&S,CVS,715.41
2025-03-14,WuHan_Chuangjie,武汉创洁工贸淡化股份有限公司-武汉东西湖,-4771681.07,H&S,DCP,408.08
2025-03-14,WuHan_Chuangjie,武汉创洁工贸淡化股份有限公司-武汉东西湖,-4771681.07,H&S,DKS,234.71
2025-03-14,WuHan_Chuangjie,武汉创洁工贸淡化股份有限公司-武汉东西湖,-4771681.07,H&S,DMW,292.89
2025-03-14,WuHan_Chuangjie,武汉创洁工贸淡化股份有限公司-武汉东西湖,-4771681.07,H&S,DP.com,163.8
2025-03-14,WuHan_Chuangjie,武汉创洁工贸淡化股份有限公司-武汉东西湖,-4771681.07,H&S,EB,48.0
2025-03-14,WuHan_Chuangjie,武汉创洁工贸淡化股份有限公司-武汉东西湖,-4771681.07,H&S,Grocery & Others,675.24
2025-03-14,WuHan_Chuangjie,武汉创洁工贸淡化股份有限公司-武汉东西湖,-4771681.07,H&S,HSM,12364.63
2025-03-14,WuHan_Chuangjie,武汉创洁工贸淡化股份有限公司-武汉东西湖,-4771681.07,H&S,ICP,3060.0
2025-03-14,WuHan_Chuangjie,武汉创洁工贸淡化股份有限公司-武汉东西湖,-4771681.07,H&S,MM,990.72
2025-03-14,WuHan_Chuangjie,武汉创洁工贸淡化股份有限公司-武汉东西湖,-4771681.07,H&S,WS,3810.11
2025-03-15,WuHan_Chuangjie,武汉创洁工贸淡化股份有限公司-武汉东西湖,-5510589.06,H&S,B Store,102.76
2025-03-15,WuHan_Chuangjie,武汉创洁工贸淡化股份有限公司-武汉东西湖,-5510589.06,H&S,CB,313.7
2025-03-15,WuHan_Chuangjie,武汉创洁工贸淡化股份有限公司-武汉东西湖,-5510589.06,H&S,CVS,623.71
2025-03-15,WuHan_Chuangjie,武汉创洁工贸淡化股份有限公司-武汉东西湖,-5510589.06,H&S,DCP,374.65
2025-03-15,WuHan_Chuangjie,武汉创洁工贸淡化股份有限公司-武汉东西湖,-5510589.06,H&S,DKS,227.76
2025-03-15,WuHan_Chuangjie,武汉创洁工贸淡化股份有限公司-武汉东西湖,-5510589.06,H&S,DMW,215.04
2025-03-15,WuHan_Chuangjie,武汉创洁工贸淡化股份有限公司-武汉东西湖,-5510589.06,H&S,DP.com,158.85
2025-03-15,WuHan_Chuangjie,武汉创洁工贸淡化股份有限公司-武汉东西湖,-5510589.06,H&S,EB,44.86
2025-03-15,WuHan_Chuangjie,武汉创洁工贸淡化股份有限公司-武汉东西湖,-5510589.06,H&S,Grocery & Others,873.6
2025-03-15,WuHan_Chuangjie,武汉创洁工贸淡化股份有限公司-武汉东西湖,-5510589.06,H&S,HSM,14724.02
2025-03-15,WuHan_Chuangjie,武汉创洁工贸淡化股份有限公司-武汉东西湖,-5510589.06,H&S,ICP,0.0
2025-03-15,WuHan_Chuangjie,武汉创洁工贸淡化股份有限公司-武汉东西湖,-5510589.06,H&S,MM,1021.88
2025-03-15,WuHan_Chuangjie,武汉创洁工贸淡化股份有限公司-武汉东西湖,-5510589.06,H&S,WS,0.0
2025-03-16,WuHan_Chuangjie,武汉创洁工贸淡化股份有限公司-武汉东西湖,-5529269.89,H&S,B Store,142.12
2025-03-16,WuHan_Chuangjie,武汉创洁工贸淡化股份有限公司-武汉东西湖,-5529269.89,H&S,CB,393.19
2025-03-16,WuHan_Chuangjie,武汉创洁工贸淡化股份有限公司-武汉东西湖,-5529269.89,H&S,CVS,593.52
2025-03-16,WuHan_Chuangjie,武汉创洁工贸淡化股份有限公司-武汉东西湖,-5529269.89,H&S,DCP,337.75
2025-03-16,WuHan_Chuangjie,武汉创洁工贸淡化股份有限公司-武汉东西湖,-5529269.89,H&S,DKS,26.35
2025-03-16,WuHan_Chuangjie,武汉创洁工贸淡化股份有限公司-武汉东西湖,-5529269.89,H&S,DMW,29.76
2025-03-16,WuHan_Chuangjie,武汉创洁工贸淡化股份有限公司-武汉东西湖,-5529269.89,H&S,DP.com,228.5
2025-03-16,WuHan_Chuangjie,武汉创洁工贸淡化股份有限公司-武汉东西湖,-5529269.89,H&S,EB,16.32
2025-03-16,WuHan_Chuangjie,武汉创洁工贸淡化股份有限公司-武汉东西湖,-5529269.89,H&S,Grocery & Others,437.47
2025-03-16,WuHan_Chuangjie,武汉创洁工贸淡化股份有限公司-武汉东西湖,-5529269.89,H&S,HSM,19312.79
2025-03-16,WuHan_Chuangjie,武汉创洁工贸淡化股份有限公司-武汉东西湖,-5529269.89,H&S,ICP,0.0
2025-03-16,WuHan_Chuangjie,武汉创洁工贸淡化股份有限公司-武汉东西湖,-5529269.89,H&S,MM,1165.18
2025-03-16,WuHan_Chuangjie,武汉创洁工贸淡化股份有限公司-武汉东西湖,-5529269.89,H&S,WS,0.0
2025-03-17,WuHan_Chuangjie,武汉创洁工贸淡化股份有限公司-武汉东西湖,-5551952.83,H&S,B Store,102.29
2025-03-17,WuHan_Chuangjie,武汉创洁工贸淡化股份有限公司-武汉东西湖,-5551952.83,H&S,CB,340.31
2025-03-17,WuHan_Chuangjie,武汉创洁工贸淡化股份有限公司-武汉东西湖,-5551952.83,H&S,CVS,358.39
2025-03-17,WuHan_Chuangjie,武汉创洁工贸淡化股份有限公司-武汉东西湖,-5551952.83,H&S,DCP,345.02
2025-03-17,WuHan_Chuangjie,武汉创洁工贸淡化股份有限公司-武汉东西湖,-5551952.83,H&S,DKS,137.17
2025-03-17,WuHan_Chuangjie,武汉创洁工贸淡化股份有限公司-武汉东西湖,-5551952.83,H&S,DMW,135.26
2025-03-17,WuHan_Chuangjie,武汉创洁工贸淡化股份有限公司-武汉东西湖,-5551952.83,H&S,DP.com,207.24
2025-03-17,WuHan_Chuangjie,武汉创洁工贸淡化股份有限公司-武汉东西湖,-5551952.83,H&S,EB,22.87
2025-03-17,WuHan_Chuangjie,武汉创洁工贸淡化股份有限公司-武汉东西湖,-5551952.83,H&S,Grocery & Others,1201.32
2025-03-17,WuHan_Chuangjie,武汉创洁工贸淡化股份有限公司-武汉东西湖,-5551952.83,H&S,HSM,15481.87
2025-03-17,WuHan_Chuangjie,武汉创洁工贸淡化股份有限公司-武汉东西湖,-5551952.83,H&S,ICP,3206.13
2025-03-17,WuHan_Chuangjie,武汉创洁工贸淡化股份有限公司-武汉东西湖,-5551952.83,H&S,MM,933.27
2025-03-17,WuHan_Chuangjie,武汉创洁工贸淡化股份有限公司-武汉东西湖,-5551952.83,H&S,WS,2732.97
2025-03-18,WuHan_Chuangjie,武汉创洁工贸淡化股份有限公司-武汉东西湖,-5577156.96,H&S,B Store,161.43
2025-03-18,WuHan_Chuangjie,武汉创洁工贸淡化股份有限公司-武汉东西湖,-5577156.96,H&S,CB,217.95
2025-03-18,WuHan_Chuangjie,武汉创洁工贸淡化股份有限公司-武汉东西湖,-5577156.96,H&S,CVS,404.66
2025-03-18,WuHan_Chuangjie,武汉创洁工贸淡化股份有限公司-武汉东西湖,-5577156.96,H&S,DCP,404.57
2025-03-18,WuHan_Chuangjie,武汉创洁工贸淡化股份有限公司-武汉东西湖,-5577156.96,H&S,DKS,241.53
2025-03-18,WuHan_Chuangjie,武汉创洁工贸淡化股份有限公司-武汉东西湖,-5577156.96,H&S,DMW,21.19
2025-03-18,WuHan_Chuangjie,武汉创洁工贸淡化股份有限公司-武汉东西湖,-5577156.96,H&S,DP.com,168.81
2025-03-18,WuHan_Chuangjie,武汉创洁工贸淡化股份有限公司-武汉东西湖,-5577156.96,H&S,EB,22.8
2025-03-18,WuHan_Chuangjie,武汉创洁工贸淡化股份有限公司-武汉东西湖,-5577156.96,H&S,Grocery & Others,1007.25
2025-03-18,WuHan_Chuangjie,武汉创洁工贸淡化股份有限公司-武汉东西湖,-5577156.96,H&S,HSM,14355.06
2025-03-18,WuHan_Chuangjie,武汉创洁工贸淡化股份有限公司-武汉东西湖,-5577156.96,H&S,ICP,0.0
2025-03-18,WuHan_Chuangjie,武汉创洁工贸淡化股份有限公司-武汉东西湖,-5577156.96,H&S,MM,1184.0
2025-03-18,WuHan_Chuangjie,武汉创洁工贸淡化股份有限公司-武汉东西湖,-5577156.96,H&S,WS,0.0
2025-03-19,WuHan_Chuangjie,武汉创洁工贸淡化股份有限公司-武汉东西湖,-6680571.32,H&S,B Store,160.49
2025-03-19,WuHan_Chuangjie,武汉创洁工贸淡化股份有限公司-武汉东西湖,-6680571.32,H&S,CB,251.05
2025-03-19,WuHan_Chuangjie,武汉创洁工贸淡化股份有限公司-武汉东西湖,-6680571.32,H&S,CVS,381.62
2025-03-19,WuHan_Chuangjie,武汉创洁工贸淡化股份有限公司-武汉东西湖,-6680571.32,H&S,DCP,314.98
2025-03-19,WuHan_Chuangjie,武汉创洁工贸淡化股份有限公司-武汉东西湖,-6680571.32,H&S,DKS,37.3
2025-03-19,WuHan_Chuangjie,武汉创洁工贸淡化股份有限公司-武汉东西湖,-6680571.32,H&S,DMW,312.17
2025-03-19,WuHan_Chuangjie,武汉创洁工贸淡化股份有限公司-武汉东西湖,-6680571.32,H&S,DP.com,207.23
2025-03-19,WuHan_Chuangjie,武汉创洁工贸淡化股份有限公司-武汉东西湖,-6680571.32,H&S,EB,27.81
2025-03-19,WuHan_Chuangjie,武汉创洁工贸淡化股份有限公司-武汉东西湖,-6680571.32,H&S,Grocery & Others,829.84
2025-03-19,WuHan_Chuangjie,武汉创洁工贸淡化股份有限公司-武汉东西湖,-6680571.32,H&S,HSM,15520.71
2025-03-19,WuHan_Chuangjie,武汉创洁工贸淡化股份有限公司-武汉东西湖,-6680571.32,H&S,ICP,2228.46
2025-03-19,WuHan_Chuangjie,武汉创洁工贸淡化股份有限公司-武汉东西湖,-6680571.32,H&S,MM,957.17
2025-03-19,WuHan_Chuangjie,武汉创洁工贸淡化股份有限公司-武汉东西湖,-6680571.32,H&S,WS,3318.03
2025-03-20,WuHan_Chuangjie,武汉创洁工贸淡化股份有限公司-武汉东西湖,-6705118.19,H&S,B Store,166.33
2025-03-20,WuHan_Chuangjie,武汉创洁工贸淡化股份有限公司-武汉东西湖,-6705118.19,H&S,CB,301.69
2025-03-20,WuHan_Chuangjie,武汉创洁工贸淡化股份有限公司-武汉东西湖,-6705118.19,H&S,CVS,624.28
2025-03-20,WuHan_Chuangjie,武汉创洁工贸淡化股份有限公司-武汉东西湖,-6705118.19,H&S,DCP,405.48
2025-03-20,WuHan_Chuangjie,武汉创洁工贸淡化股份有限公司-武汉东西湖,-6705118.19,H&S,DKS,15.38
2025-03-20,WuHan_Chuangjie,武汉创洁工贸淡化股份有限公司-武汉东西湖,-6705118.19,H&S,DMW,23.39
2025-03-20,WuHan_Chuangjie,武汉创洁工贸淡化股份有限公司-武汉东西湖,-6705118.19,H&S,DP.com,207.37
2025-03-20,WuHan_Chuangjie,武汉创洁工贸淡化股份有限公司-武汉东西湖,-6705118.19,H&S,EB,22.96
2025-03-20,WuHan_Chuangjie,武汉创洁工贸淡化股份有限公司-武汉东西湖,-6705118.19,H&S,Grocery & Others,1014.14
2025-03-20,WuHan_Chuangjie,武汉创洁工贸淡化股份有限公司-武汉东西湖,-6705118.19,H&S,HSM,13454.96
2025-03-20,WuHan_Chuangjie,武汉创洁工贸淡化股份有限公司-武汉东西湖,-6705118.19,H&S,ICP,0.0
2025-03-20,WuHan_Chuangjie,武汉创洁工贸淡化股份有限公司-武汉东西湖,-6705118.19,H&S,MM,1197.23
2025-03-20,WuHan_Chuangjie,武汉创洁工贸淡化股份有限公司-武汉东西湖,-6705118.19,H&S,WS,0.0
2025-03-21,WuHan_Chuangjie,武汉创洁工贸淡化股份有限公司-武汉东西湖,-6722551.4,H&S,B Store,160.15
2025-03-21,WuHan_Chuangjie,武汉创洁工贸淡化股份有限公司-武汉东西湖,-6722551.4,H&S,CB,387.78
2025-03-21,WuHan_Chuangjie,武汉创洁工贸淡化股份有限公司-武汉东西湖,-6722551.4,H&S,CVS,550.78
2025-03-21,WuHan_Chuangjie,武汉创洁工贸淡化股份有限公司-武汉东西湖,-6722551.4,H&S,DCP,424.68
2025-03-21,WuHan_Chuangjie,武汉创洁工贸淡化股份有限公司-武汉东西湖,-6722551.4,H&S,DKS,167.59
2025-03-21,WuHan_Chuangjie,武汉创洁工贸淡化股份有限公司-武汉东西湖,-6722551.4,H&S,DMW,344.17
2025-03-21,WuHan_Chuangjie,武汉创洁工贸淡化股份有限公司-武汉东西湖,-6722551.4,H&S,DP.com,196.46
2025-03-21,WuHan_Chuangjie,武汉创洁工贸淡化股份有限公司-武汉东西湖,-6722551.4,H&S,EB,22.37
2025-03-21,WuHan_Chuangjie,武汉创洁工贸淡化股份有限公司-武汉东西湖,-6722551.4,H&S,Grocery & Others,1022.04
2025-03-21,WuHan_Chuangjie,武汉创洁工贸淡化股份有限公司-武汉东西湖,-6722551.4,H&S,HSM,13175.35
2025-03-21,WuHan_Chuangjie,武汉创洁工贸淡化股份有限公司-武汉东西湖,-6722551.4,H&S,ICP,2142.87
2025-03-21,WuHan_Chuangjie,武汉创洁工贸淡化股份有限公司-武汉东西湖,-6722551.4,H&S,MM,1195.14
2025-03-21,WuHan_Chuangjie,武汉创洁工贸淡化股份有限公司-武汉东西湖,-6722551.4,H&S,WS,2505.29
2025-03-22,WuHan_Chuangjie,武汉创洁工贸淡化股份有限公司-武汉东西湖,-6744846.08,H&S,B Store,176.02
2025-03-22,WuHan_Chuangjie,武汉创洁工贸淡化股份有限公司-武汉东西湖,-6744846.08,H&S,CB,392.61
2025-03-22,WuHan_Chuangjie,武汉创洁工贸淡化股份有限公司-武汉东西湖,-6744846.08,H&S,CVS,534.86
2025-03-22,WuHan_Chuangjie,武汉创洁工贸淡化股份有限公司-武汉东西湖,-6744846.08,H&S,DCP,364.14
2025-03-22,WuHan_Chuangjie,武汉创洁工贸淡化股份有限公司-武汉东西湖,-6744846.08,H&S,DKS,43.35
2025-03-22,WuHan_Chuangjie,武汉创洁工贸淡化股份有限公司-武汉东西湖,-6744846.08,H&S,DMW,277.24
2025-03-22,WuHan_Chuangjie,武汉创洁工贸淡化股份有限公司-武汉东西湖,-6744846.08,H&S,DP.com,176.68
2025-03-22,WuHan_Chuangjie,武汉创洁工贸淡化股份有限公司-武汉东西湖,-6744846.08,H&S,EB,48.72
2025-03-22,WuHan_Chuangjie,武汉创洁工贸淡化股份有限公司-武汉东西湖,-6744846.08,H&S,Grocery & Others,791.82
2025-03-22,WuHan_Chuangjie,武汉创洁工贸淡化股份有限公司-武汉东西湖,-6744846.08,H&S,HSM,14479.14
2025-03-22,WuHan_Chuangjie,武汉创洁工贸淡化股份有限公司-武汉东西湖,-6744846.08,H&S,ICP,0.0
2025-03-22,WuHan_Chuangjie,武汉创洁工贸淡化股份有限公司-武汉东西湖,-6744846.08,H&S,MM,1176.17
2025-03-22,WuHan_Chuangjie,武汉创洁工贸淡化股份有限公司-武汉东西湖,-6744846.08,H&S,WS,0.0
2025-03-23,WuHan_Chuangjie,武汉创洁工贸淡化股份有限公司-武汉东西湖,-7452842.6,H&S,B Store,145.16
2025-03-23,WuHan_Chuangjie,武汉创洁工贸淡化股份有限公司-武汉东西湖,-7452842.6,H&S,CB,309.8
2025-03-23,WuHan_Chuangjie,武汉创洁工贸淡化股份有限公司-武汉东西湖,-7452842.6,H&S,CVS,798.92
2025-03-23,WuHan_Chuangjie,武汉创洁工贸淡化股份有限公司-武汉东西湖,-7452842.6,H&S,DCP,449.83
2025-03-23,WuHan_Chuangjie,武汉创洁工贸淡化股份有限公司-武汉东西湖,-7452842.6,H&S,DKS,190.39
2025-03-23,WuHan_Chuangjie,武汉创洁工贸淡化股份有限公司-武汉东西湖,-7452842.6,H&S,DMW,199.07
2025-03-23,WuHan_Chuangjie,武汉创洁工贸淡化股份有限公司-武汉东西湖,-7452842.6,H&S,DP.com,199.48
2025-03-23,WuHan_Chuangjie,武汉创洁工贸淡化股份有限公司-武汉东西湖,-7452842.6,H&S,EB,19.55
2025-03-23,WuHan_Chuangjie,武汉创洁工贸淡化股份有限公司-武汉东西湖,-7452842.6,H&S,Grocery & Others,811.88
2025-03-23,WuHan_Chuangjie,武汉创洁工贸淡化股份有限公司-武汉东西湖,-7452842.6,H&S,HSM,13252.02
2025-03-23,WuHan_Chuangjie,武汉创洁工贸淡化股份有限公司-武汉东西湖,-7452842.6,H&S,ICP,0.0
2025-03-23,WuHan_Chuangjie,武汉创洁工贸淡化股份有限公司-武汉东西湖,-7452842.6,H&S,MM,1017.84
2025-03-23,WuHan_Chuangjie,武汉创洁工贸淡化股份有限公司-武汉东西湖,-7452842.6,H&S,WS,0.0
2025-03-24,WuHan_Chuangjie,武汉创洁工贸淡化股份有限公司-武汉东西湖,-7470236.52,H&S,B Store,121.96
2025-03-24,WuHan_Chuangjie,武汉创洁工贸淡化股份有限公司-武汉东西湖,-7470236.52,H&S,CB,385.39
2025-03-24,WuHan_Chuangjie,武汉创洁工贸淡化股份有限公司-武汉东西湖,-7470236.52,H&S,CVS,713.9
2025-03-24,WuHan_Chuangjie,武汉创洁工贸淡化股份有限公司-武汉东西湖,-7470236.52,H&S,DCP,440.49
2025-03-24,WuHan_Chuangjie,武汉创洁工贸淡化股份有限公司-武汉东西湖,-7470236.52,H&S,DKS,67.26
2025-03-24,WuHan_Chuangjie,武汉创洁工贸淡化股份有限公司-武汉东西湖,-7470236.52,H&S,DMW,257.09
2025-03-24,WuHan_Chuangjie,武汉创洁工贸淡化股份有限公司-武汉东西湖,-7470236.52,H&S,DP.com,192.64
2025-03-24,WuHan_Chuangjie,武汉创洁工贸淡化股份有限公司-武汉东西湖,-7470236.52,H&S,EB,7.3
2025-03-24,WuHan_Chuangjie,武汉创洁工贸淡化股份有限公司-武汉东西湖,-7470236.52,H&S,Grocery & Others,1146.8
2025-03-24,WuHan_Chuangjie,武汉创洁工贸淡化股份有限公司-武汉东西湖,-7470236.52,H&S,HSM,14491.38
2025-03-24,WuHan_Chuangjie,武汉创洁工贸淡化股份有限公司-武汉东西湖,-7470236.52,H&S,ICP,2053.2
2025-03-24,WuHan_Chuangjie,武汉创洁工贸淡化股份有限公司-武汉东西湖,-7470236.52,H&S,MM,1053.25
2025-03-24,WuHan_Chuangjie,武汉创洁工贸淡化股份有限公司-武汉东西湖,-7470236.52,H&S,WS,2748.48
2025-03-25,WuHan_Chuangjie,武汉创洁工贸淡化股份有限公司-武汉东西湖,-7493915.67,H&S,B Store,160.45
2025-03-25,WuHan_Chuangjie,武汉创洁工贸淡化股份有限公司-武汉东西湖,-7493915.67,H&S,CB,377.78
2025-03-25,WuHan_Chuangjie,武汉创洁工贸淡化股份有限公司-武汉东西湖,-7493915.67,H&S,CVS,403.52
2025-03-25,WuHan_Chuangjie,武汉创洁工贸淡化股份有限公司-武汉东西湖,-7493915.67,H&S,DCP,407.6
2025-03-25,WuHan_Chuangjie,武汉创洁工贸淡化股份有限公司-武汉东西湖,-7493915.67,H&S,DKS,96.04
2025-03-25,WuHan_Chuangjie,武汉创洁工贸淡化股份有限公司-武汉东西湖,-7493915.67,H&S,DMW,187.81
2025-03-25,WuHan_Chuangjie,武汉创洁工贸淡化股份有限公司-武汉东西湖,-7493915.67,H&S,DP.com,181.31
2025-03-25,WuHan_Chuangjie,武汉创洁工贸淡化股份有限公司-武汉东西湖,-7493915.67,H&S,EB,44.72
2025-03-25,WuHan_Chuangjie,武汉创洁工贸淡化股份有限公司-武汉东西湖,-7493915.67,H&S,Grocery & Others,879.72
2025-03-25,WuHan_Chuangjie,武汉创洁工贸淡化股份有限公司-武汉东西湖,-7493915.67,H&S,HSM,17013.32
2025-03-25,WuHan_Chuangjie,武汉创洁工贸淡化股份有限公司-武汉东西湖,-7493915.67,H&S,ICP,0.0
2025-03-25,WuHan_Chuangjie,武汉创洁工贸淡化股份有限公司-武汉东西湖,-7493915.67,H&S,MM,1131.54
2025-03-25,WuHan_Chuangjie,武汉创洁工贸淡化股份有限公司-武汉东西湖,-7493915.67,H&S,WS,0.0
2025-03-26,WuHan_Chuangjie,武汉创洁工贸淡化股份有限公司-武汉东西湖,-7514799.48,H&S,B Store,143.71
2025-03-26,WuHan_Chuangjie,武汉创洁工贸淡化股份有限公司-武汉东西湖,-7514799.48,H&S,CB,232.41
2025-03-26,WuHan_Chuangjie,武汉创洁工贸淡化股份有限公司-武汉东西湖,-7514799.48,H&S,CVS,450.79
2025-03-26,WuHan_Chuangjie,武汉创洁工贸淡化股份有限公司-武汉东西湖,-7514799.48,H&S,DCP,397.46
2025-03-26,WuHan_Chuangjie,武汉创洁工贸淡化股份有限公司-武汉东西湖,-7514799.48,H&S,DKS,28.36
2025-03-26,WuHan_Chuangjie,武汉创洁工贸淡化股份有限公司-武汉东西湖,-7514799.48,H&S,DMW,44.53
2025-03-26,WuHan_Chuangjie,武汉创洁工贸淡化股份有限公司-武汉东西湖,-7514799.48,H&S,DP.com,177.81
2025-03-26,WuHan_Chuangjie,武汉创洁工贸淡化股份有限公司-武汉东西湖,-7514799.48,H&S,EB,34.46
2025-03-26,WuHan_Chuangjie,武汉创洁工贸淡化股份有限公司-武汉东西湖,-7514799.48,H&S,Grocery & Others,474.79
2025-03-26,WuHan_Chuangjie,武汉创洁工贸淡化股份有限公司-武汉东西湖,-7514799.48,H&S,HSM,15682.63
2025-03-26,WuHan_Chuangjie,武汉创洁工贸淡化股份有限公司-武汉东西湖,-7514799.48,H&S,ICP,0.0
2025-03-26,WuHan_Chuangjie,武汉创洁工贸淡化股份有限公司-武汉东西湖,-7514799.48,H&S,MM,889.95
2025-03-26,WuHan_Chuangjie,武汉创洁工贸淡化股份有限公司-武汉东西湖,-7514799.48,H&S,WS,0.0
2025-03-27,WuHan_Chuangjie,武汉创洁工贸淡化股份有限公司-武汉东西湖,-8989168.92,H&S,B Store,122.79
2025-03-27,WuHan_Chuangjie,武汉创洁工贸淡化股份有限公司-武汉东西湖,-8989168.92,H&S,CB,353.27
2025-03-27,WuHan_Chuangjie,武汉创洁工贸淡化股份有限公司-武汉东西湖,-8989168.92,H&S,CVS,828.93
2025-03-27,WuHan_Chuangjie,武汉创洁工贸淡化股份有限公司-武汉东西湖,-8989168.92,H&S,DCP,363.07
2025-03-27,WuHan_Chuangjie,武汉创洁工贸淡化股份有限公司-武汉东西湖,-8989168.92,H&S,DKS,36.72
2025-03-27,WuHan_Chuangjie,武汉创洁工贸淡化股份有限公司-武汉东西湖,-8989168.92,H&S,DMW,27.98
2025-03-27,WuHan_Chuangjie,武汉创洁工贸淡化股份有限公司-武汉东西湖,-8989168.92,H&S,DP.com,178.0
2025-03-27,WuHan_Chuangjie,武汉创洁工贸淡化股份有限公司-武汉东西湖,-8989168.92,H&S,EB,41.11
2025-03-27,WuHan_Chuangjie,武汉创洁工贸淡化股份有限公司-武汉东西湖,-8989168.92,H&S,Grocery & Others,904.73
2025-03-27,WuHan_Chuangjie,武汉创洁工贸淡化股份有限公司-武汉东西湖,-8989168.92,H&S,HSM,19201.06
2025-03-27,WuHan_Chuangjie,武汉创洁工贸淡化股份有限公司-武汉东西湖,-8989168.92,H&S,ICP,2197.52
2025-03-27,WuHan_Chuangjie,武汉创洁工贸淡化股份有限公司-武汉东西湖,-8989168.92,H&S,MM,812.39
2025-03-27,WuHan_Chuangjie,武汉创洁工贸淡化股份有限公司-武汉东西湖,-8989168.92,H&S,WS,3688.39
2025-03-28,WuHan_Chuangjie,武汉创洁工贸淡化股份有限公司-武汉东西湖,-9017924.89,H&S,B Store,144.01
2025-03-28,WuHan_Chuangjie,武汉创洁工贸淡化股份有限公司-武汉东西湖,-9017924.89,H&S,CB,196.99
2025-03-28,WuHan_Chuangjie,武汉创洁工贸淡化股份有限公司-武汉东西湖,-9017924.89,H&S,CVS,543.63
2025-03-28,WuHan_Chuangjie,武汉创洁工贸淡化股份有限公司-武汉东西湖,-9017924.89,H&S,DCP,321.76
2025-03-28,WuHan_Chuangjie,武汉创洁工贸淡化股份有限公司-武汉东西湖,-9017924.89,H&S,DKS,173.1
2025-03-28,WuHan_Chuangjie,武汉创洁工贸淡化股份有限公司-武汉东西湖,-9017924.89,H&S,DMW,283.37
2025-03-28,WuHan_Chuangjie,武汉创洁工贸淡化股份有限公司-武汉东西湖,-9017924.89,H&S,DP.com,232.51
2025-03-28,WuHan_Chuangjie,武汉创洁工贸淡化股份有限公司-武汉东西湖,-9017924.89,H&S,EB,10.39
2025-03-28,WuHan_Chuangjie,武汉创洁工贸淡化股份有限公司-武汉东西湖,-9017924.89,H&S,Grocery & Others,968.43
2025-03-28,WuHan_Chuangjie,武汉创洁工贸淡化股份有限公司-武汉东西湖,-9017924.89,H&S,HSM,16859.18
2025-03-28,WuHan_Chuangjie,武汉创洁工贸淡化股份有限公司-武汉东西湖,-9017924.89,H&S,ICP,0.0
2025-03-28,WuHan_Chuangjie,武汉创洁工贸淡化股份有限公司-武汉东西湖,-9017924.89,H&S,MM,1125.39
2025-03-28,WuHan_Chuangjie,武汉创洁工贸淡化股份有限公司-武汉东西湖,-9017924.89,H&S,WS,0.0
2025-03-29,WuHan_Chuangjie,武汉创洁工贸淡化股份有限公司-武汉东西湖,-9038783.65,H&S,B Store,123.97
2025-03-29,WuHan_Chuangjie,武汉创洁工贸淡化股份有限公司-武汉东西湖,-9038783.65,H&S,CB,308.26
2025-03-29,WuHan_Chuangjie,武汉创洁工贸淡化股份有限公司-武汉东西湖,-9038783.65,H&S,CVS,680.26
2025-03-29,WuHan_Chuangjie,武汉创洁工贸淡化股份有限公司-武汉东西湖,-9038783.65,H&S,DCP,364.72
2025-03-29,WuHan_Chuangjie,武汉创洁工贸淡化股份有限公司-武汉东西湖,-9038783.65,H&S,DKS,98.91
2025-03-29,WuHan_Chuangjie,武汉创洁工贸淡化股份有限公司-武汉东西湖,-9038783.65,H&S,DMW,238.74
2025-03-29,WuHan_Chuangjie,武汉创洁工贸淡化股份有限公司-武汉东西湖,-9038783.65,H&S,DP.com,182.42
2025-03-29,WuHan_Chuangjie,武汉创洁工贸淡化股份有限公司-武汉东西湖,-9038783.65,H&S,EB,6.93
2025-03-29,WuHan_Chuangjie,武汉创洁工贸淡化股份有限公司-武汉东西湖,-9038783.65,H&S,Grocery & Others,1291.12
2025-03-29,WuHan_Chuangjie,武汉创洁工贸淡化股份有限公司-武汉东西湖,-9038783.65,H&S,HSM,19561.59
2025-03-29,WuHan_Chuangjie,武汉创洁工贸淡化股份有限公司-武汉东西湖,-9038783.65,H&S,ICP,2775.37
2025-03-29,WuHan_Chuangjie,武汉创洁工贸淡化股份有限公司-武汉东西湖,-9038783.65,H&S,MM,1080.87
2025-03-29,WuHan_Chuangjie,武汉创洁工贸淡化股份有限公司-武汉东西湖,-9038783.65,H&S,WS,2671.68
2025-03-30,WuHan_Chuangjie,武汉创洁工贸淡化股份有限公司-武汉东西湖,-10743238.45,H&S,B Store,173.31
2025-03-30,WuHan_Chuangjie,武汉创洁工贸淡化股份有限公司-武汉东西湖,-10743238.45,H&S,CB,164.74
2025-03-30,WuHan_Chuangjie,武汉创洁工贸淡化股份有限公司-武汉东西湖,-10743238.45,H&S,CVS,583.55
2025-03-30,WuHan_Chuangjie,武汉创洁工贸淡化股份有限公司-武汉东西湖,-10743238.45,H&S,DCP,304.67
2025-03-30,WuHan_Chuangjie,武汉创洁工贸淡化股份有限公司-武汉东西湖,-10743238.45,H&S,DKS,208.37
2025-03-30,WuHan_Chuangjie,武汉创洁工贸淡化股份有限公司-武汉东西湖,-10743238.45,H&S,DMW,61.96
2025-03-30,WuHan_Chuangjie,武汉创洁工贸淡化股份有限公司-武汉东西湖,-10743238.45,H&S,DP.com,176.01
2025-03-30,WuHan_Chuangjie,武汉创洁工贸淡化股份有限公司-武汉东西湖,-10743238.45,H&S,EB,40.2
2025-03-30,WuHan_Chuangjie,武汉创洁工贸淡化股份有限公司-武汉东西湖,-10743238.45,H&S,Grocery & Others,845.81
2025-03-30,WuHan_Chuangjie,武汉创洁工贸淡化股份有限公司-武汉东西湖,-10743238.45,H&S,HSM,16484.19
2025-03-30,WuHan_Chuangjie,武汉创洁工贸淡化股份有限公司-武汉东西湖,-10743238.45,H&S,ICP,0.0
2025-03-30,WuHan_Chuangjie,武汉创洁工贸淡化股份有限公司-武汉东西湖,-10743238.45,H&S,MM,903.58
2025-03-30,WuHan_Chuangjie,武汉创洁工贸淡化股份有限公司-武汉东西湖,-10743238.45,H&S,WS,0.0
